work_year,experience_level,employment_type,salary_in_usd,remote_ratio,company_size,job_category,company_location_grp
2023,SE,FT,85847,100,L,Management,ES
2023,MI,CT,30000,100,S,ML/AI Engineer,US
2023,MI,CT,25500,100,S,ML/AI Engineer,US
2023,SE,FT,175000,100,M,Data Scientist,CA
2023,SE,FT,120000,100,M,Data Scientist,CA
2023,SE,FT,222200,0,L,Data Scientist,US
2023,SE,FT,136000,0,L,Data Scientist,US
2023,SE,FT,219000,0,M,Data Scientist,CA
2023,SE,FT,141000,0,M,Data Scientist,CA
2023,SE,FT,147100,0,M,Data Scientist,US
2023,SE,FT,90700,0,M,Data Scientist,US
2023,SE,FT,130000,100,M,Data Analyst,US
2023,SE,FT,100000,100,M,Data Analyst,US
2023,EN,FT,213660,0,L,Data Scientist,US
2023,EN,FT,130760,0,L,Data Scientist,US
2023,SE,FT,147100,0,M,Other,US
2023,SE,FT,90700,0,M,Other,US
2023,SE,FT,170000,0,M,Data Scientist,US
2023,SE,FT,150000,0,M,Data Scientist,US
2023,MI,FT,150000,100,M,Data Analyst,US
2023,MI,FT,110000,100,M,Data Analyst,US
2023,SE,FT,275000,0,M,Data Engineer,DE
2023,SE,FT,174000,0,M,Data Engineer,DE
2023,SE,FT,230000,100,M,Data Engineer,GB
2023,SE,FT,143200,100,M,Data Engineer,GB
2023,SE,FT,225000,0,M,Data Engineer,US
2023,SE,FT,156400,0,M,Data Engineer,US
2023,SE,FT,200000,0,M,ML/AI Engineer,US
2023,SE,FT,130000,0,M,ML/AI Engineer,US
2023,SE,FT,90000,0,M,Other,CA
2023,SE,FT,72000,0,M,Other,CA
2023,SE,FT,253200,0,M,Data Engineer,US
2023,SE,FT,90700,0,M,Data Engineer,US
2023,SE,FT,342810,0,M,ML/AI Engineer,US
2023,SE,FT,184590,0,M,ML/AI Engineer,US
2023,MI,FT,162500,0,M,Data Engineer,US
2023,MI,FT,130000,0,M,Data Engineer,US
2023,MI,FT,105380,0,M,Data Analyst,US
2023,MI,FT,64500,0,M,Data Analyst,US
2023,EN,FT,100000,100,L,Data Analyst,Other
2023,EN,FT,30000,100,L,Data Analyst,Other
2022,MI,FT,20984,50,L,ML/AI Engineer,IN
2023,EN,FT,204620,0,L,Data Scientist,US
2023,EN,FT,110680,0,L,Data Scientist,US
2023,SE,FT,270703,0,M,Data Engineer,US
2023,SE,FT,221484,0,M,Data Engineer,US
2023,SE,FT,212750,100,M,Data Scientist,US
2023,SE,FT,185000,100,M,Data Scientist,US
2023,SE,FT,262000,100,M,Data Scientist,US
2023,SE,FT,245000,100,M,Data Scientist,US
2023,SE,FT,275300,100,M,Data Scientist,US
2023,SE,FT,183500,100,M,Data Scientist,US
2023,SE,FT,218500,100,M,Data Scientist,US
2023,SE,FT,199098,100,M,Data Scientist,US
2023,SE,FT,203300,100,M,Data Engineer,US
2023,SE,FT,123600,100,M,Data Engineer,US
2023,SE,FT,189110,0,M,Data Engineer,US
2023,SE,FT,139000,0,M,Data Engineer,US
2023,EX,FT,258750,0,M,Data Scientist,US
2023,EX,FT,185000,0,M,Data Scientist,US
2023,SE,FT,231500,100,M,Data Engineer,US
2023,SE,FT,166000,100,M,Data Engineer,US
2023,SE,FT,172500,100,M,Data Scientist,US
2023,SE,FT,110500,100,M,Data Scientist,US
2023,SE,FT,238000,0,M,Data Engineer,US
2023,SE,FT,176000,0,M,Data Engineer,US
2023,SE,FT,237000,100,M,Data Engineer,US
2023,SE,FT,201450,100,M,Data Engineer,US
2023,SE,FT,309400,0,L,Data Scientist,US
2023,SE,FT,159100,0,L,Data Scientist,US
2023,SE,FT,115000,0,M,Data Engineer,US
2023,SE,FT,81500,0,M,Data Engineer,US
2023,SE,FT,237000,100,M,Data Scientist,US
2023,SE,FT,201450,100,M,Data Scientist,US
2023,SE,FT,280000,0,M,ML/AI Engineer,US
2023,SE,FT,210000,0,M,ML/AI Engineer,US
2023,SE,FT,280100,100,M,Data Engineer,US
2023,SE,FT,168100,100,M,Data Engineer,US
2023,SE,FT,193500,100,M,Data Engineer,US
2023,SE,FT,139000,100,M,Data Engineer,US
2023,MI,FT,65062,0,L,Data Scientist,Other
2023,SE,FT,150000,100,M,ML/AI Engineer,US
2023,MI,FT,69751,100,S,ML/AI Engineer,DE
2022,EN,FT,300000,50,L,ML/AI Engineer,IN
2023,MI,FT,96578,100,L,ML/AI Engineer,Other
2023,SE,FT,185900,0,M,Data Engineer,US
2023,SE,FT,129300,0,M,Data Engineer,US
2023,SE,FT,225000,100,M,Data Engineer,US
2023,SE,FT,175000,100,M,Data Engineer,US
2023,SE,FT,185000,0,M,Data Engineer,US
2023,SE,FT,140000,0,M,Data Engineer,US
2023,SE,FT,48289,0,M,Data Scientist,ES
2023,SE,FT,38631,0,M,Data Scientist,ES
2023,SE,FT,105000,0,M,Data Scientist,US
2023,SE,FT,70000,0,M,Data Scientist,US
2023,EN,FT,163196,0,M,ML/AI Engineer,US
2023,EN,FT,145885,0,M,ML/AI Engineer,US
2023,SE,FT,217000,100,M,Data Engineer,US
2023,SE,FT,185000,100,M,Data Engineer,US
2023,SE,FT,202800,0,L,Data Analyst,US
2023,SE,FT,104300,0,L,Data Analyst,US
2023,SE,FT,145000,0,M,Data Analyst,US
2023,SE,FT,65000,0,M,Data Analyst,US
2023,SE,FT,165000,0,M,Data Engineer,US
2023,SE,FT,132300,0,M,Data Engineer,US
2023,SE,FT,179170,0,M,Data Engineer,US
2023,SE,FT,94300,0,M,Data Engineer,US
2023,SE,FT,152500,0,M,Data Engineer,US
2023,SE,FT,116450,0,M,Data Engineer,US
2023,SE,FT,247300,0,M,Data Engineer,US
2023,SE,FT,133800,0,M,Data Engineer,US
2023,SE,FT,203000,0,M,Data Engineer,US
2023,SE,FT,133000,0,M,Data Engineer,US
2023,EN,FT,220000,50,L,Data Scientist,US
2022,EN,FT,56536,100,S,ML/AI Engineer,Other
2023,SE,FT,150000,0,M,Data Scientist,US
2023,SE,FT,120000,0,M,Data Scientist,US
2023,SE,FT,289800,0,M,Data Engineer,US
2023,SE,FT,214000,0,M,Data Engineer,US
2023,SE,FT,179820,0,M,Data Engineer,US
2023,SE,FT,143860,0,M,Data Engineer,US
2023,SE,FT,283200,100,M,ML/AI Engineer,US
2023,SE,FT,188800,100,M,ML/AI Engineer,US
2023,SE,FT,289800,0,M,Data Engineer,US
2023,SE,FT,214200,0,M,Data Engineer,US
2023,SE,FT,185900,0,M,Data Engineer,US
2023,SE,FT,129300,0,M,Data Engineer,US
2023,SE,FT,252000,0,M,Data Engineer,US
2023,SE,FT,129000,0,M,Data Engineer,US
2023,MI,FT,155000,0,M,Management,US
2023,MI,FT,140000,0,M,Management,US
2023,SE,FT,161800,100,M,Data Engineer,US
2023,SE,FT,141600,100,M,Data Engineer,US
2023,SE,FT,342300,0,L,ML/AI Engineer,US
2023,SE,FT,176100,0,L,ML/AI Engineer,US
2023,MI,FT,100000,100,M,Data Engineer,US
2023,MI,FT,70000,100,M,Data Engineer,US
2023,EN,FT,85000,0,M,Data Engineer,US
2023,EN,FT,65000,0,M,Data Engineer,US
2023,SE,FT,138784,100,M,Data Scientist,US
2023,SE,FT,83270,100,M,Data Scientist,US
2023,EN,FT,75000,0,M,Data Analyst,US
2023,EN,FT,70000,0,M,Data Analyst,US
2023,SE,FT,204500,0,M,Data Analyst,US
2023,SE,FT,138900,0,M,Data Analyst,US
2023,SE,FT,318300,100,M,ML/AI Engineer,US
2023,SE,FT,212200,100,M,ML/AI Engineer,US
2023,SE,FT,95000,100,M,Data Engineer,US
2023,SE,FT,75000,100,M,Data Engineer,US
2023,SE,FT,195000,0,M,Data Scientist,US
2023,SE,FT,160000,0,M,Data Scientist,US
2023,SE,FT,230000,0,M,Data Engineer,US
2023,SE,FT,143200,0,M,Data Engineer,US
2023,MI,FT,100000,100,M,Data Engineer,US
2023,MI,FT,70000,100,M,Data Engineer,US
2023,MI,FT,105000,50,L,Data Analyst,US
2023,MI,FT,20670,100,L,Data Scientist,IN
2023,MI,FT,46178,0,M,Data Analyst,GB
2023,MI,FT,42533,0,M,Data Analyst,GB
2023,SE,FT,145000,0,M,Data Engineer,US
2023,SE,FT,115000,0,M,Data Engineer,US
2023,SE,FT,168400,0,M,Data Analyst,US
2023,SE,FT,105200,0,M,Data Analyst,US
2023,SE,FT,309400,0,L,Data Scientist,US
2023,SE,FT,159100,0,L,Data Scientist,US
2023,SE,FT,190000,0,M,ML/AI Engineer,US
2023,SE,FT,150000,0,M,ML/AI Engineer,US
2023,MI,FT,162500,0,M,Data Engineer,US
2023,MI,FT,130000,0,M,Data Engineer,US
2023,SE,FT,150000,100,M,Data Engineer,US
2023,SE,FT,120000,100,M,Data Engineer,US
2023,SE,FT,145000,0,M,Data Engineer,US
2023,SE,FT,120000,0,M,Data Engineer,US
2023,SE,FT,222200,0,L,Data Scientist,US
2023,SE,FT,136000,0,L,Data Scientist,US
2023,SE,FT,54685,100,M,Data Analyst,Other
2023,SE,FT,42533,100,M,Data Analyst,Other
2023,SE,FT,241000,0,M,Data Engineer,US
2023,SE,FT,155000,0,M,Data Engineer,US
2023,SE,FT,220000,100,M,Data Engineer,US
2023,SE,FT,190000,100,M,Data Engineer,US
2023,MI,FT,66837,0,M,Data Scientist,GB
2023,MI,FT,54685,0,M,Data Scientist,GB
2020,EX,FT,15000,0,M,Data Analyst,CA
2023,MI,FT,85066,100,M,Data Engineer,GB
2023,MI,FT,57723,100,M,Data Engineer,GB
2023,EN,FT,85000,100,M,Data Analyst,US
2023,EN,FT,75000,100,M,Data Analyst,US
2023,SE,FT,160000,0,M,Data Engineer,US
2023,SE,FT,140000,0,M,Data Engineer,US
2023,MI,FT,300000,0,M,ML/AI Engineer,US
2023,MI,FT,250000,0,M,ML/AI Engineer,US
2023,SE,FT,228000,0,M,Data Scientist,US
2023,SE,FT,186000,0,M,Data Scientist,US
2023,SE,FT,190000,0,M,Data Scientist,US
2023,SE,FT,170000,0,M,Data Scientist,US
2023,MI,FT,230000,0,M,Data Engineer,US
2023,MI,FT,200000,0,M,Data Engineer,US
2023,SE,FT,180000,100,M,Data Engineer,US
2023,SE,FT,115000,100,M,Data Engineer,US
2023,SE,FT,200000,100,M,Data Engineer,US
2023,SE,FT,115000,100,M,Data Engineer,US
2023,SE,FT,53654,50,S,Data Engineer,Other
2023,EX,FT,220000,0,M,Data Engineer,US
2023,EX,FT,205000,0,M,Data Engineer,US
2023,MI,FT,180000,0,M,Data Engineer,US
2023,MI,FT,130000,0,M,Data Engineer,US
2023,SE,FT,200000,100,M,Data Engineer,US
2023,SE,FT,150000,100,M,Data Engineer,US
2023,SE,FT,215000,0,M,ML/AI Engineer,US
2023,SE,FT,170000,0,M,ML/AI Engineer,US
2023,SE,FT,247500,0,M,ML/AI Engineer,US
2023,SE,FT,172200,0,M,ML/AI Engineer,US
2023,SE,FT,224000,0,M,Data Scientist,CA
2023,SE,FT,176000,0,M,Data Scientist,CA
2023,SE,FT,120000,100,M,Data Analyst,US
2023,SE,FT,75000,100,M,Data Analyst,US
2023,EN,FT,17022,100,L,Data Engineer,IN
2023,SE,FT,68318,100,M,Data Scientist,Other
2023,MI,FT,75020,0,M,ML/AI Engineer,Other
2023,SE,FT,140000,0,M,Data Analyst,US
2023,SE,FT,120000,0,M,Data Analyst,US
2023,SE,FT,128000,0,M,Data Engineer,US
2023,SE,FT,81500,0,M,Data Engineer,US
2023,SE,FT,145000,0,M,Data Engineer,US
2023,SE,FT,115000,0,M,Data Engineer,US
2023,SE,FT,185000,0,M,Data Engineer,US
2023,SE,FT,140000,0,M,Data Engineer,US
2023,EX,FT,329500,0,M,Management,US
2023,EX,FT,269600,0,M,Management,US
2023,SE,FT,100000,0,M,Data Analyst,US
2023,SE,FT,80000,0,M,Data Analyst,US
2023,SE,FT,250000,0,M,Data Scientist,US
2023,SE,FT,162500,0,M,Data Scientist,US
2023,MI,FT,200000,100,M,ML/AI Engineer,US
2023,SE,FT,145000,0,M,Data Engineer,US
2023,SE,FT,100000,0,M,Data Engineer,US
2023,EX,FT,145000,0,M,Data Engineer,US
2023,EX,FT,115000,0,M,Data Engineer,US
2023,SE,FT,203500,0,M,Data Scientist,US
2023,SE,FT,152000,0,M,Data Scientist,US
2023,SE,FT,239000,0,L,Data Scientist,US
2023,SE,FT,122900,0,L,Data Scientist,US
2023,SE,FT,237000,0,M,Data Scientist,US
2023,SE,FT,145000,0,M,Data Scientist,US
2023,SE,FT,191765,0,M,Management,US
2023,SE,FT,134236,0,M,Management,US
2023,SE,FT,190000,100,M,Data Engineer,US
2023,SE,FT,112000,100,M,Data Engineer,US
2022,SE,FT,88256,100,L,Data Scientist,GB
2023,EN,FT,85000,0,M,Data Engineer,US
2023,EN,FT,65000,0,M,Data Engineer,US
2023,SE,FT,135000,0,M,Data Analyst,US
2023,SE,FT,105500,0,M,Data Analyst,US
2023,SE,FT,293000,0,M,Data Engineer,US
2023,SE,FT,185000,0,M,Data Engineer,US
2023,SE,FT,80000,0,M,Data Analyst,US
2023,SE,FT,70000,0,M,Data Analyst,US
2023,SE,FT,220000,100,M,Data Engineer,US
2023,SE,FT,160000,100,M,Data Engineer,US
2023,SE,FT,175000,100,M,Data Scientist,US
2023,SE,FT,145000,100,M,Data Scientist,US
2023,SE,FT,200000,0,M,Data Analyst,US
2023,SE,FT,148500,0,M,Data Analyst,US
2023,SE,FT,48289,0,M,Data Scientist,ES
2023,SE,FT,38631,0,M,Data Scientist,ES
2023,SE,FT,240500,0,L,Data Engineer,US
2023,SE,FT,123700,0,L,Data Engineer,US
2023,SE,FT,152900,100,M,Data Engineer,US
2023,SE,FT,117100,100,M,Data Engineer,US
2023,SE,FT,173000,100,M,Data Engineer,US
2023,SE,FT,113000,100,M,Data Engineer,US
2023,SE,FT,260000,0,L,Data Scientist,US
2023,SE,FT,136000,0,L,Data Scientist,US
2023,EX,FT,175000,0,M,Data Engineer,US
2023,EX,FT,110000,0,M,Data Engineer,US
2023,SE,FT,260000,0,L,Data Scientist,US
2023,SE,FT,136000,0,L,Data Scientist,US
2023,SE,FT,130000,100,M,Data Scientist,US
2023,SE,FT,110000,100,M,Data Scientist,US
2023,SE,FT,205000,100,M,Data Scientist,US
2023,SE,FT,184000,100,M,Data Scientist,US
2023,SE,FT,149500,100,M,Data Analyst,US
2023,SE,FT,127075,100,M,Data Analyst,US
2023,SE,FT,195000,0,M,Data Scientist,US
2023,SE,FT,160000,0,M,Data Scientist,US
2023,SE,FT,219535,100,M,Data Engineer,US
2023,SE,FT,146115,100,M,Data Engineer,US
2023,SE,FT,170000,0,M,Data Scientist,US
2023,SE,FT,135000,0,M,Data Scientist,US
2023,SE,FT,175000,100,M,Data Scientist,US
2023,SE,FT,145000,100,M,Data Scientist,US
2023,SE,FT,199000,0,M,Data Scientist,US
2023,SE,FT,162000,0,M,Data Scientist,US
2023,SE,FT,222200,0,L,Data Scientist,US
2023,SE,FT,136000,0,L,Data Scientist,US
2023,EX,FT,221000,100,M,Data Engineer,US
2023,EX,FT,153000,100,M,Data Engineer,US
2023,SE,FT,187000,0,M,Data Analyst,US
2023,SE,FT,128000,0,M,Data Analyst,US
2023,SE,FT,210000,0,M,Data Scientist,US
2023,SE,FT,136000,0,M,Data Scientist,US
2023,SE,FT,175000,100,M,Data Scientist,US
2023,SE,FT,100000,100,M,Data Scientist,US
2023,SE,FT,179000,0,M,Data Engineer,US
2023,SE,FT,109000,0,M,Data Engineer,US
2023,SE,FT,245000,0,M,Data Scientist,US
2023,SE,FT,180000,0,M,Data Scientist,US
2023,SE,FT,142000,100,M,Data Analyst,US
2023,SE,FT,75000,100,M,Data Analyst,US
2023,SE,FT,198800,0,M,Management,US
2023,SE,FT,105200,0,M,Management,US
2023,SE,FT,125000,100,M,Data Analyst,US
2023,SE,FT,112000,100,M,Data Analyst,US
2023,SE,FT,210000,0,M,Data Scientist,US
2023,SE,FT,155000,0,M,Data Scientist,US
2023,SE,FT,115000,100,M,Management,US
2023,SE,FT,86000,100,M,Management,US
2023,SE,FT,165000,0,M,Data Scientist,US
2023,SE,FT,140000,0,M,Data Scientist,US
2023,SE,FT,139000,0,M,Data Analyst,US
2023,SE,FT,106000,0,M,Data Analyst,US
2023,EN,FT,40663,0,L,Data Analyst,CA
2022,SE,FT,275000,0,S,ML/AI Engineer,CA
2023,SE,FL,50000,50,S,ML/AI Engineer,Other
2023,MI,FT,280700,100,M,ML/AI Engineer,US
2023,MI,FT,150450,100,M,ML/AI Engineer,US
2023,EN,FT,51753,100,L,Data Scientist,CA
2023,SE,FT,250500,0,M,Data Engineer,US
2023,SE,FT,159500,0,M,Data Engineer,US
2023,SE,FT,145000,0,M,Data Engineer,US
2023,SE,FT,115000,0,M,Data Engineer,US
2023,SE,FT,140000,0,M,Data Analyst,US
2023,SE,FT,120000,0,M,Data Analyst,US
2023,EN,FT,130001,100,M,Data Scientist,US
2023,EN,FT,71907,100,M,Data Scientist,US
2023,MI,FT,93918,100,M,Data Scientist,US
2023,MI,FT,51962,100,M,Data Scientist,US
2023,SE,FT,175000,100,M,Data Analyst,CA
2023,SE,FT,135000,100,M,Data Analyst,CA
2023,EN,FT,85000,0,M,Data Engineer,US
2023,EN,FT,65000,0,M,Data Engineer,US
2023,SE,FT,257000,0,M,ML/AI Engineer,US
2023,SE,FT,147000,0,M,ML/AI Engineer,US
2023,SE,FT,222000,100,M,Data Engineer,US
2023,SE,FT,175000,100,M,Data Engineer,US
2023,SE,FT,203000,100,M,Data Scientist,US
2023,SE,FT,133200,100,M,Data Scientist,US
2023,EN,FT,213660,0,L,Data Scientist,US
2023,EN,FT,130760,0,L,Data Scientist,US
2023,SE,FT,221000,0,M,Data Engineer,US
2023,SE,FT,147000,0,M,Data Engineer,US
2023,SE,FT,100000,0,M,Data Analyst,US
2023,SE,FT,80000,0,M,Data Analyst,US
2023,SE,FT,185900,0,M,Data Scientist,US
2023,SE,FT,129300,0,M,Data Scientist,US
2023,SE,FT,238000,100,M,Data Scientist,US
2023,SE,FT,156000,100,M,Data Scientist,US
2023,SE,FT,304000,100,M,ML/AI Engineer,US
2023,SE,FT,199000,100,M,ML/AI Engineer,US
2023,MI,FT,48289,100,M,Data Engineer,ES
2023,SE,FT,150000,0,M,Data Engineer,US
2023,SE,FT,130000,0,M,Data Engineer,US
2023,SE,FT,140000,100,M,Data Scientist,US
2023,SE,FT,110000,100,M,Data Scientist,US
2023,MI,FT,90000,0,M,Data Analyst,US
2023,MI,FT,75000,0,M,Data Analyst,US
2023,MI,FT,195895,0,M,Data Scientist,GB
2023,MI,FT,102772,0,M,Data Scientist,GB
2023,SE,FT,240000,0,M,Data Engineer,US
2023,SE,FT,183600,0,M,Data Engineer,US
2023,MI,FT,130000,0,M,Other,US
2023,MI,FT,80000,0,M,Other,US
2023,SE,FT,250000,0,M,Data Engineer,US
2023,SE,FT,150000,0,M,Data Engineer,US
2023,SE,FT,160000,100,M,Management,US
2023,SE,FT,120000,100,M,Management,US
2023,SE,FT,289076,0,M,ML/AI Engineer,US
2023,SE,FT,202353,0,M,ML/AI Engineer,US
2023,SE,FT,145000,0,M,Data Engineer,US
2023,SE,FT,120000,0,M,Data Engineer,US
2023,SE,FT,155000,0,M,Data Analyst,US
2023,SE,FT,106000,0,M,Data Analyst,US
2023,SE,FT,200000,0,M,Data Engineer,US
2023,SE,FT,160000,0,M,Data Engineer,US
2023,SE,FT,157750,100,M,Data Scientist,US
2023,SE,FT,104650,100,M,Data Scientist,US
2023,MI,FT,180000,100,M,Data Scientist,US
2023,MI,FT,140000,100,M,Data Scientist,US
2023,EX,FT,200000,0,M,Data Scientist,US
2023,EX,FT,145000,0,M,Data Scientist,US
2023,MI,FT,68000,0,L,Management,US
2023,EN,FT,60000,100,M,Data Engineer,US
2023,SE,FT,48289,0,M,Data Scientist,ES
2023,SE,FT,38631,0,M,Data Scientist,ES
2023,EN,FT,85000,0,M,Data Engineer,US
2023,EN,FT,65000,0,M,Data Engineer,US
2023,MI,FT,125000,0,M,Data Engineer,US
2023,MI,FT,90000,0,M,Data Engineer,US
2023,SE,FT,105000,100,M,Data Analyst,US
2023,SE,FT,90000,100,M,Data Analyst,US
2023,SE,FT,179820,0,M,Data Engineer,US
2023,SE,FT,143860,0,M,Data Engineer,US
2023,SE,FT,135000,0,M,Data Analyst,US
2023,SE,FT,105500,0,M,Data Analyst,US
2023,EN,FT,155000,0,M,Data Engineer,US
2023,EN,FT,125000,0,M,Data Engineer,US
2023,SE,FT,241000,0,M,ML/AI Engineer,US
2023,SE,FT,181000,0,M,ML/AI Engineer,US
2023,SE,FT,252000,0,M,Data Scientist,US
2023,SE,FT,154000,0,M,Data Scientist,US
2023,EX,FT,180000,0,M,Data Engineer,US
2023,EX,FT,155000,0,M,Data Engineer,US
2023,SE,FT,191765,0,M,Data Scientist,US
2023,SE,FT,134236,0,M,Data Scientist,US
2023,SE,FT,175000,100,M,Data Scientist,US
2023,SE,FT,145000,100,M,Data Scientist,US
2023,SE,FT,237000,100,M,Data Scientist,US
2023,SE,FT,145000,100,M,Data Scientist,US
2023,EN,FT,155000,0,M,Data Engineer,US
2023,EN,FT,125000,0,M,Data Engineer,US
2023,SE,FT,80000,0,M,Data Analyst,US
2023,SE,FT,70000,0,M,Data Analyst,US
2023,SE,FT,146000,0,M,Data Engineer,US
2023,SE,FT,75000,0,M,Data Engineer,US
2023,EN,FT,64200,100,M,Data Analyst,US
2023,EN,FT,56100,100,M,Data Analyst,US
2023,SE,FT,170000,0,M,ML/AI Engineer,US
2023,SE,FT,130000,0,M,ML/AI Engineer,US
2023,SE,FT,208450,100,M,Data Analyst,US
2023,SE,FT,170550,100,M,Data Analyst,US
2023,SE,FT,125000,0,M,ML/AI Engineer,US
2023,SE,FT,100000,0,M,ML/AI Engineer,US
2023,MI,FT,135000,0,M,Management,US
2023,MI,FT,120000,0,M,Management,US
2023,SE,FT,200000,100,M,Data Scientist,US
2023,SE,FT,170000,100,M,Data Scientist,US
2023,SE,FT,171250,0,M,Data Scientist,Other
2023,SE,FT,113750,0,M,Data Scientist,Other
2023,SE,FT,222200,0,L,Data Scientist,US
2023,SE,FT,136000,0,L,Data Scientist,US
2023,SE,FT,260000,0,L,Data Scientist,US
2023,SE,FT,136000,0,L,Data Scientist,US
2023,SE,FT,153600,0,M,Data Analyst,US
2023,SE,FT,100500,0,M,Data Analyst,US
2023,SE,FT,205000,100,M,Data Scientist,US
2023,SE,FT,184000,100,M,Data Scientist,US
2023,SE,FT,115000,100,M,ML/AI Engineer,CA
2023,SE,FT,95000,100,M,ML/AI Engineer,CA
2023,MI,FT,182500,0,M,Data Analyst,US
2023,MI,FT,121500,0,M,Data Analyst,US
2023,SE,FT,203100,0,M,Data Engineer,US
2023,SE,FT,114500,0,M,Data Engineer,US
2023,MI,FT,72914,0,M,Data Analyst,GB
2023,MI,FT,54685,0,M,Data Analyst,GB
2023,SE,FT,252000,0,M,Data Engineer,US
2023,SE,FT,129000,0,M,Data Engineer,US
2023,EN,FT,92700,100,M,Data Engineer,US
2023,EN,FT,61800,100,M,Data Engineer,US
2023,SE,FT,160000,100,M,Data Engineer,US
2023,SE,FT,130000,100,M,Data Engineer,US
2023,SE,FT,258000,0,M,Data Scientist,CA
2023,SE,FT,190000,0,M,Data Scientist,CA
2023,SE,FT,170000,0,M,Data Scientist,US
2023,SE,FT,135000,0,M,Data Scientist,US
2023,MI,FT,167500,0,M,Data Engineer,US
2023,MI,FT,106500,0,M,Data Engineer,US
2023,SE,FT,195000,0,M,Data Scientist,US
2023,SE,FT,160000,0,M,Data Scientist,US
2023,MI,FT,146000,0,M,Data Engineer,US
2023,MI,FT,75000,0,M,Data Engineer,US
2022,EN,FT,59888,100,L,Data Engineer,Other
2023,EX,FT,286000,100,M,Data Engineer,US
2023,EX,FT,207000,100,M,Data Engineer,US
2023,SE,FT,100000,100,M,Data Analyst,US
2023,SE,FT,80000,100,M,Data Analyst,US
2023,SE,FT,223250,0,M,Data Engineer,US
2023,SE,FT,178600,0,M,Data Engineer,US
2023,EX,FT,353200,0,M,Management,US
2023,EX,FT,249300,0,M,Management,US
2023,MI,FT,230000,0,M,ML/AI Engineer,US
2023,MI,FT,220000,0,M,ML/AI Engineer,US
2023,SE,FT,297300,100,M,Data Scientist,US
2023,SE,FT,198200,100,M,Data Scientist,US
2023,MI,FT,210000,100,M,Data Scientist,US
2023,MI,FT,151800,100,M,Data Scientist,US
2023,SE,FT,200000,100,M,Data Scientist,US
2023,SE,FT,170000,100,M,Data Scientist,US
2023,SE,FT,317070,0,M,Data Scientist,US
2023,SE,FT,170730,0,M,Data Scientist,US
2023,SE,FT,128000,0,M,Data Engineer,US
2023,SE,FT,81500,0,M,Data Engineer,US
2023,EN,FT,21461,0,M,Data Analyst,ES
2023,SE,FT,108000,0,M,ML/AI Engineer,Other
2023,SE,FT,60000,0,M,ML/AI Engineer,Other
2023,MI,FT,134000,100,M,Data Engineer,US
2023,MI,FT,124000,100,M,Data Engineer,US
2023,SE,FT,171250,0,M,Data Engineer,US
2023,SE,FT,113750,0,M,Data Engineer,US
2023,SE,FT,165000,0,M,Data Engineer,US
2023,SE,FT,132300,0,M,Data Engineer,US
2023,SE,FT,225000,0,M,Data Scientist,US
2023,SE,FT,175000,0,M,Data Scientist,US
2023,SE,FT,230000,0,M,Data Engineer,US
2023,SE,FT,124500,0,M,Data Engineer,US
2023,SE,FT,247500,0,M,ML/AI Engineer,US
2023,SE,FT,172200,0,M,ML/AI Engineer,US
2023,SE,FT,175000,0,M,Data Analyst,US
2023,SE,FT,145000,0,M,Data Analyst,US
2023,SE,FT,148700,0,M,Data Analyst,US
2023,SE,FT,125600,0,M,Data Analyst,US
2023,SE,FT,145000,0,M,Data Engineer,US
2023,SE,FT,115000,0,M,Data Engineer,US
2023,SE,FT,200000,0,M,Data Scientist,US
2023,SE,FT,150000,0,M,Data Scientist,US
2023,EN,FT,160000,0,M,Data Engineer,US
2023,EN,FT,120000,0,M,Data Engineer,US
2023,SE,FT,185000,100,M,Data Analyst,US
2023,SE,FT,120250,100,M,Data Analyst,US
2023,SE,FT,275300,100,M,Data Scientist,US
2023,SE,FT,183000,100,M,Data Scientist,US
2023,SE,FT,170000,100,M,Data Engineer,US
2023,SE,FT,125000,100,M,Data Engineer,US
2023,MI,FT,167500,0,M,Data Engineer,US
2023,MI,FT,106500,0,M,Data Engineer,US
2023,SE,FT,250000,0,M,Data Scientist,US
2023,SE,FT,200000,0,M,Data Scientist,US
2023,MI,FT,135000,50,L,ML/AI Engineer,US
2023,SE,FT,423834,0,L,ML/AI Engineer,Other
2023,SE,FT,216000,100,M,ML/AI Engineer,US
2023,SE,FT,184000,100,M,ML/AI Engineer,US
2023,SE,FT,180000,100,M,Data Engineer,US
2023,SE,FT,165000,100,M,Data Engineer,US
2023,SE,FT,185900,0,M,Data Scientist,US
2023,SE,FT,129300,0,M,Data Scientist,US
2023,SE,FT,145000,0,M,Data Engineer,US
2023,SE,FT,120000,0,M,Data Engineer,US
2023,MI,FT,143865,0,M,Data Engineer,US
2023,MI,FT,115092,0,M,Data Engineer,US
2023,MI,FT,130000,0,M,ML/AI Engineer,US
2023,MI,FT,90000,0,M,ML/AI Engineer,US
2023,SE,FT,173000,100,M,Data Scientist,US
2023,SE,FT,132000,100,M,Data Scientist,US
2023,SE,FT,208049,0,M,Data Analyst,US
2023,SE,FT,128500,0,M,Data Analyst,US
2023,SE,FT,179820,0,M,Data Engineer,US
2023,SE,FT,143860,0,M,Data Engineer,US
2023,SE,FT,167500,0,M,Data Engineer,US
2023,SE,FT,106500,0,M,Data Engineer,US
2023,SE,FT,275300,100,M,Data Scientist,US
2023,SE,FT,183500,100,M,Data Scientist,US
2023,MI,FT,149600,0,M,Data Engineer,US
2023,MI,FT,102000,0,M,Data Engineer,US
2023,EX,FT,145000,0,M,Data Scientist,US
2023,EX,FT,100000,0,M,Data Scientist,US
2023,SE,FT,190000,100,M,Data Analyst,US
2023,SE,FT,95000,100,M,Data Analyst,US
2023,SE,FT,153600,0,M,Data Analyst,US
2023,SE,FT,106800,0,M,Data Analyst,US
2023,MI,FT,96578,0,M,Data Scientist,Other
2023,MI,FT,80481,0,M,Data Scientist,Other
2023,MI,FT,128000,0,M,Data Analyst,US
2023,MI,FT,85000,0,M,Data Analyst,US
2023,MI,FT,151000,0,M,Data Engineer,US
2023,MI,FT,140000,0,M,Data Engineer,US
2023,SE,FT,275300,100,M,Data Scientist,US
2023,SE,FT,183500,100,M,Data Scientist,US
2023,SE,FT,220000,0,M,ML/AI Engineer,US
2023,SE,FT,170000,0,M,ML/AI Engineer,US
2023,SE,FT,135000,0,M,Data Analyst,US
2023,SE,FT,105500,0,M,Data Analyst,US
2023,SE,FT,100000,100,M,Data Analyst,US
2023,SE,FT,80000,100,M,Data Analyst,US
2023,EN,FT,7000,0,S,Other,Other
2023,EN,FT,42923,50,M,ML/AI Engineer,DE
2023,SE,FT,160000,100,M,Data Engineer,CA
2023,SE,FT,145000,100,M,Data Engineer,CA
2023,MI,FT,154000,0,M,Data Analyst,US
2023,MI,FT,143000,0,M,Data Analyst,US
2023,MI,FT,78990,0,M,Data Scientist,GB
2023,MI,FT,51039,0,M,Data Scientist,GB
2023,EN,FT,190000,0,M,Data Scientist,US
2023,EN,FT,120000,0,M,Data Scientist,US
2023,MI,FT,85066,0,M,Data Scientist,GB
2023,MI,FT,51039,0,M,Data Scientist,GB
2023,MI,FT,109371,0,M,Data Scientist,GB
2023,MI,FT,72914,0,M,Data Scientist,GB
2023,SE,FT,150000,0,M,Data Engineer,US
2023,SE,FT,111000,0,M,Data Engineer,US
2023,EX,FT,265000,0,M,Data Engineer,US
2023,EX,FT,235000,0,M,Data Engineer,US
2023,EN,FT,121093,50,L,Data Scientist,Other
2022,MI,FT,73546,100,M,Data Scientist,DE
2023,SE,FT,160000,100,M,Data Engineer,US
2023,SE,FT,130000,100,M,Data Engineer,US
2023,MI,FT,75000,100,M,Data Engineer,US
2023,MI,FT,60400,100,M,Data Engineer,US
2023,EN,FT,85000,100,M,Data Analyst,US
2023,EN,FT,75000,100,M,Data Analyst,US
2023,SE,FT,252000,0,M,Data Engineer,US
2023,SE,FT,129000,0,M,Data Engineer,US
2023,EN,FT,92700,100,M,Data Engineer,US
2023,EN,FT,61800,100,M,Data Engineer,US
2022,SE,FT,172309,100,L,Management,Other
2023,MI,FT,60093,100,M,Data Scientist,DE
2023,MI,FT,83500,100,M,Data Analyst,US
2023,MI,FT,52500,100,M,Data Analyst,US
2023,SE,FT,201036,0,M,Data Scientist,US
2023,SE,FT,134024,0,M,Data Scientist,US
2023,SE,FT,165000,100,M,Data Analyst,US
2023,SE,FT,140000,100,M,Data Analyst,US
2023,EN,FT,62000,100,M,Data Engineer,US
2023,EN,FT,58000,100,M,Data Engineer,US
2023,SE,FT,172000,0,M,Data Scientist,US
2023,SE,FT,115000,0,M,Data Scientist,US
2023,EN,FT,125000,0,M,Data Engineer,US
2023,EN,FT,90000,0,M,Data Engineer,US
2023,SE,FT,163800,0,M,Data Engineer,US
2023,SE,FT,126000,0,M,Data Engineer,US
2023,SE,FT,237000,100,M,Data Scientist,US
2023,SE,FT,145000,100,M,Data Scientist,US
2023,MI,FT,90000,100,M,Data Engineer,US
2023,MI,FT,90000,100,M,Data Engineer,US
2023,SE,FT,139500,0,M,Data Engineer,US
2023,SE,FT,109400,0,M,Data Engineer,US
2023,SE,FT,258000,0,M,Data Scientist,CA
2023,SE,FT,190000,0,M,Data Scientist,CA
2023,MI,FT,145000,0,M,Data Engineer,US
2023,MI,FT,120000,0,M,Data Engineer,US
2023,SE,FT,205600,0,L,Data Engineer,US
2023,SE,FT,105700,0,L,Data Engineer,US
2023,SE,FT,252000,0,M,Data Engineer,US
2023,SE,FT,129000,0,M,Data Engineer,US
2023,SE,FT,239748,0,M,Data Scientist,US
2023,SE,FT,159832,0,M,Data Scientist,US
2023,SE,FT,186300,100,M,Data Scientist,US
2023,SE,FT,102500,100,M,Data Scientist,US
2023,SE,FT,165000,0,M,Data Engineer,US
2023,SE,FT,132300,0,M,Data Engineer,US
2023,SE,FT,190000,0,M,Data Scientist,US
2023,SE,FT,126000,0,M,Data Scientist,US
2023,SE,FT,149040,100,M,Data Engineer,US
2023,SE,FT,113900,100,M,Data Engineer,US
2023,SE,FT,153600,100,M,Data Engineer,US
2023,SE,FT,106800,100,M,Data Engineer,US
2023,SE,FT,172600,100,M,Data Engineer,US
2023,SE,FT,107900,100,M,Data Engineer,US
2023,SE,FT,180180,0,M,Data Analyst,US
2023,SE,FT,106020,0,M,Data Analyst,US
2023,SE,FT,376080,100,M,Data Engineer,US
2023,SE,FT,213120,100,M,Data Engineer,US
2023,SE,FT,153600,0,M,Data Analyst,US
2023,SE,FT,100500,0,M,Data Analyst,US
2023,SE,FT,206500,100,M,Data Analyst,US
2023,SE,FT,121600,100,M,Data Analyst,US
2023,SE,FT,260000,0,M,Data Engineer,US
2023,SE,FT,225000,0,M,Data Engineer,US
2023,EX,FT,194500,0,M,Data Engineer,US
2023,EX,FT,115500,0,M,Data Engineer,US
2023,SE,FT,170000,100,L,Data Engineer,US
2023,SE,FT,90000,100,L,ML/AI Engineer,US
2023,EN,FT,95000,100,M,Data Analyst,US
2023,EN,FT,70000,100,M,Data Analyst,US
2023,SE,FT,275000,0,M,Data Engineer,US
2023,SE,FT,160000,0,M,Data Engineer,US
2023,SE,FT,115934,100,M,Data Analyst,US
2023,SE,FT,81666,100,M,Data Analyst,US
2023,SE,FT,175000,0,M,Data Scientist,US
2023,SE,FT,120000,0,M,Data Scientist,US
2023,SE,FT,150000,100,M,ML/AI Engineer,US
2023,SE,FT,120000,100,M,ML/AI Engineer,US
2023,SE,FT,200000,0,M,Data Engineer,US
2023,SE,FT,175000,0,M,Data Engineer,US
2023,MI,FT,206000,0,M,Data Analyst,US
2023,MI,FT,130000,0,M,Data Analyst,US
2023,SE,FT,138000,100,M,Data Engineer,GB
2023,SE,FT,92000,100,M,Data Engineer,GB
2023,SE,FT,65000,0,M,Management,Other
2023,SE,FT,48000,0,M,Management,Other
2023,SE,FT,110000,100,M,Data Analyst,US
2023,SE,FT,75000,100,M,Data Analyst,US
2023,SE,FT,130000,0,M,Data Engineer,US
2023,SE,FT,87000,0,M,Data Engineer,US
2023,MI,FT,160000,0,M,Data Analyst,US
2023,MI,FT,112000,0,M,Data Analyst,US
2023,MI,FT,162500,0,M,Data Engineer,US
2023,MI,FT,130000,0,M,Data Engineer,US
2023,SE,FT,299500,0,M,Management,US
2023,SE,FT,245100,0,M,Management,US
2023,MI,FT,145000,0,M,Data Scientist,US
2023,MI,FT,100000,0,M,Data Scientist,US
2023,SE,FT,147100,0,M,Data Engineer,US
2023,SE,FT,90700,0,M,Data Engineer,US
2023,EN,FT,115100,0,M,Data Engineer,US
2023,EN,FT,73900,0,M,Data Engineer,US
2023,SE,FT,168400,0,M,Data Engineer,US
2023,SE,FT,105200,0,M,Data Engineer,US
2023,SE,FT,210000,0,M,Data Scientist,US
2023,SE,FT,160000,0,M,Data Scientist,US
2023,MI,FT,145000,0,M,Data Scientist,US
2023,MI,FT,100000,0,M,Data Scientist,US
2023,SE,FT,222200,0,L,Data Scientist,US
2023,SE,FT,136000,0,L,Data Scientist,US
2023,MI,FT,100000,0,M,Data Analyst,US
2023,MI,FT,85000,0,M,Data Analyst,US
2023,MI,FT,85066,100,M,Data Engineer,GB
2023,MI,FT,57723,100,M,Data Engineer,GB
2023,EX,FT,200000,0,M,Data Scientist,US
2023,EX,FT,145000,0,M,Data Scientist,US
2023,MI,FT,140000,0,M,Data Engineer,US
2023,MI,FT,95000,0,M,Data Engineer,US
2023,SE,FT,185000,100,M,Data Analyst,US
2023,SE,FT,120250,100,M,Data Analyst,US
2023,MI,FT,130000,100,L,Data Analyst,US
2023,SE,FT,205000,0,M,Data Scientist,US
2023,SE,FT,140000,0,M,Data Scientist,US
2023,SE,FT,297300,100,M,Data Scientist,US
2023,SE,FT,198200,100,M,Data Scientist,US
2023,SE,FT,141288,0,M,Data Scientist,US
2023,SE,FT,94192,0,M,Data Scientist,US
2023,SE,FT,184000,100,M,Data Engineer,US
2023,SE,FT,143000,100,M,Data Engineer,US
2023,SE,FT,70000,0,M,Data Analyst,US
2023,SE,FT,55000,0,M,Data Analyst,US
2023,SE,FT,275300,100,M,Data Engineer,US
2023,SE,FT,183500,100,M,Data Engineer,US
2023,MI,FT,75000,100,M,Data Analyst,US
2023,MI,FT,65000,100,M,Data Analyst,US
2023,MI,FT,160000,0,M,ML/AI Engineer,US
2023,MI,FT,147000,0,M,ML/AI Engineer,US
2023,SE,FT,149040,100,M,Data Engineer,US
2023,SE,FT,113900,100,M,Data Engineer,US
2023,MI,FT,75020,100,L,Data Engineer,Other
2023,SE,FT,180180,0,M,Data Analyst,US
2023,SE,FT,106020,0,M,Data Analyst,US
2023,MI,FT,17022,100,L,Data Scientist,IN
2023,EN,FT,70000,0,L,ML/AI Engineer,Other
2023,EN,FT,80000,50,M,ML/AI Engineer,Other
2023,MI,FT,18238,50,L,Management,IN
2023,MI,FT,250000,0,M,ML/AI Engineer,US
2023,MI,FT,150000,0,M,ML/AI Engineer,US
2023,SE,FT,139500,0,M,Data Engineer,US
2023,SE,FT,109400,0,M,Data Engineer,US
2023,SE,FT,105000,0,M,Data Scientist,US
2023,SE,FT,70000,0,M,Data Scientist,US
2023,EX,FT,210914,100,M,Data Engineer,US
2023,EX,FT,116704,100,M,Data Engineer,US
2023,EN,FT,150000,0,M,Data Scientist,US
2023,EN,FT,100000,0,M,Data Scientist,US
2023,SE,FT,146000,0,M,Data Engineer,US
2023,SE,FT,75000,0,M,Data Engineer,US
2023,EN,FT,75000,100,M,Data Analyst,US
2023,EN,FT,60000,100,M,Data Analyst,US
2023,MI,FT,185700,0,M,Data Engineer,US
2023,MI,FT,165000,0,M,Data Engineer,US
2023,SE,FT,160000,100,M,Data Engineer,US
2023,SE,FT,130000,100,M,Data Engineer,US
2023,SE,FT,169000,0,M,Data Analyst,US
2023,SE,FT,110600,0,M,Data Analyst,US
2023,SE,FT,193000,100,M,Data Engineer,US
2023,SE,FT,136850,100,M,Data Engineer,US
2023,SE,FT,139500,0,M,ML/AI Engineer,US
2023,SE,FT,109400,0,M,ML/AI Engineer,US
2023,SE,FT,276000,100,M,Data Engineer,US
2023,SE,FT,178500,100,M,Data Engineer,US
2023,MI,FT,59020,0,M,Data Scientist,ES
2023,MI,FT,48289,0,M,Data Scientist,ES
2023,MI,FT,75116,100,M,Data Engineer,Other
2023,MI,FT,48289,100,M,Data Engineer,Other
2023,SE,FT,195652,0,M,ML/AI Engineer,GB
2023,SE,FT,101228,0,M,ML/AI Engineer,GB
2023,SE,FT,136956,0,M,Data Engineer,GB
2023,SE,FT,101228,0,M,Data Engineer,GB
2023,SE,FT,252000,0,M,Data Engineer,US
2023,SE,FT,129000,0,M,Data Engineer,US
2022,SE,FT,130000,100,L,Data Engineer,US
2021,MI,FT,150000,100,M,Management,US
2023,SE,FT,163800,0,M,Data Engineer,US
2023,SE,FT,126000,0,M,Data Engineer,US
2023,SE,FT,260000,100,M,ML/AI Engineer,CA
2023,SE,FT,110000,100,M,ML/AI Engineer,CA
2023,SE,FT,170000,100,M,Data Engineer,US
2023,SE,FT,130000,100,M,Data Engineer,US
2023,SE,FT,247500,0,M,ML/AI Engineer,US
2023,SE,FT,172200,0,M,ML/AI Engineer,US
2023,SE,FT,239748,0,M,Data Scientist,US
2023,SE,FT,159832,0,M,Data Scientist,US
2023,SE,FT,163800,0,M,ML/AI Engineer,US
2023,SE,FT,126000,0,M,ML/AI Engineer,US
2023,MI,FT,128750,0,M,Data Scientist,US
2023,MI,FT,106250,0,M,Data Scientist,US
2023,SE,FT,252000,0,M,Data Engineer,US
2023,SE,FT,129000,0,M,Data Engineer,US
2023,SE,FT,299500,0,M,Management,US
2023,SE,FT,245100,0,M,Management,US
2023,MI,FT,155000,0,M,Management,US
2023,MI,FT,140000,0,M,Management,US
2023,EX,FT,167500,0,M,Data Engineer,US
2023,EX,FT,106500,0,M,Data Engineer,US
2023,SE,FT,188500,100,M,Data Engineer,US
2023,SE,FT,117000,100,M,Data Engineer,US
2023,SE,FT,250000,100,M,Data Analyst,US
2023,SE,FT,138000,100,M,Data Analyst,US
2023,MI,FT,130000,100,M,Data Analyst,CA
2023,MI,FT,100000,100,M,Data Analyst,CA
2023,SE,FT,123405,0,L,ML/AI Engineer,DE
2023,SE,FT,140000,0,M,Data Engineer,US
2023,SE,FT,120000,0,M,Data Engineer,US
2023,SE,FT,160000,0,M,Data Analyst,US
2023,SE,FT,135000,0,M,Data Analyst,US
2023,MI,FT,104500,0,M,Management,US
2023,MI,FT,70000,0,M,Management,US
2023,MI,FT,90000,0,M,Other,US
2023,MI,FT,70000,0,M,Other,US
2023,SE,FT,153600,100,M,Data Engineer,US
2023,SE,FT,106800,100,M,Data Engineer,US
2023,EN,FT,125000,0,M,Data Engineer,US
2023,EN,FT,90000,0,M,Data Engineer,US
2023,MI,FT,185000,100,M,Data Scientist,US
2023,MI,FT,125000,100,M,Data Scientist,US
2023,SE,FT,127000,100,M,Data Analyst,US
2023,SE,FT,94000,100,M,Data Analyst,US
2023,SE,FT,210550,0,M,Data Scientist,US
2023,SE,FT,153300,0,M,Data Scientist,US
2023,MI,FT,200000,100,M,Data Scientist,US
2023,MI,FT,150000,100,M,Data Scientist,US
2023,SE,FT,161500,100,M,Data Analyst,US
2023,SE,FT,119500,100,M,Data Analyst,US
2023,SE,FT,175000,0,M,Data Analyst,US
2023,SE,FT,145000,0,M,Data Analyst,US
2023,SE,FT,175000,0,M,Data Scientist,US
2023,SE,FT,148750,0,M,Data Scientist,US
2023,SE,FT,105000,0,M,Data Analyst,US
2023,SE,FT,85000,0,M,Data Analyst,US
2023,SE,FT,215000,0,M,Data Scientist,US
2023,SE,FT,146300,0,M,Data Scientist,US
2023,EN,FT,214618,100,L,ML/AI Engineer,DE
2023,MI,FT,72000,100,M,Data Engineer,Other
2023,MI,FT,60000,100,M,Data Engineer,Other
2023,SE,FT,153400,0,M,ML/AI Engineer,US
2023,SE,FT,122700,0,M,ML/AI Engineer,US
2023,MI,FT,260000,0,M,Data Engineer,US
2023,MI,FT,175000,0,M,Data Engineer,US
2023,SE,FT,186300,100,M,Data Scientist,US
2023,SE,FT,123900,100,M,Data Scientist,US
2023,MI,FT,340000,100,M,Data Scientist,US
2023,MI,FT,150000,100,M,Data Scientist,US
2023,SE,FT,153400,0,M,ML/AI Engineer,US
2023,SE,FT,122700,0,M,ML/AI Engineer,US
2023,MI,FT,250000,0,M,Data Engineer,US
2023,MI,FT,175000,0,M,Data Engineer,US
2023,MI,FT,64385,50,M,Data Scientist,Other
2023,SE,FT,185900,0,M,Data Analyst,US
2023,SE,FT,121700,0,M,Data Analyst,US
2023,SE,FT,153600,0,M,Data Analyst,US
2023,SE,FT,106800,0,M,Data Analyst,US
2023,SE,FL,50000,50,M,Data Engineer,Other
2023,EN,FT,100000,100,L,Data Analyst,US
2023,SE,FT,247500,0,M,ML/AI Engineer,US
2023,SE,FT,172200,0,M,ML/AI Engineer,US
2023,EX,FT,310000,100,M,Data Engineer,US
2023,EX,FT,239000,100,M,Data Engineer,US
2023,SE,FT,125000,0,M,Data Analyst,US
2023,SE,FT,110000,0,M,Data Analyst,US
2023,EN,FT,150000,0,M,Data Analyst,US
2023,EN,FT,100000,0,M,Data Analyst,US
2023,SE,FT,149076,0,M,Data Scientist,US
2023,SE,FT,82365,0,M,Data Scientist,US
2023,MI,FT,146000,0,M,Data Engineer,US
2023,MI,FT,75000,0,M,Data Engineer,US
2023,SE,FT,139500,0,M,ML/AI Engineer,US
2023,SE,FT,109400,0,M,ML/AI Engineer,US
2023,SE,FT,139500,0,M,Data Engineer,US
2023,SE,FT,109400,0,M,Data Engineer,US
2023,MI,FT,149600,0,M,Data Engineer,US
2023,MI,FT,102000,0,M,Data Engineer,US
2023,MI,FT,97218,0,M,Data Analyst,GB
2023,MI,FT,48609,0,M,Data Analyst,GB
2023,SE,FT,252000,0,M,Data Engineer,US
2023,SE,FT,129000,0,M,Data Engineer,US
2023,SE,FT,95000,0,M,Data Analyst,US
2023,SE,FT,85500,0,M,Data Analyst,US
2023,SE,FT,185900,0,M,Data Analyst,US
2023,SE,FT,121700,0,M,Data Analyst,US
2023,EN,FT,150000,0,M,Data Scientist,US
2023,EN,FT,100000,0,M,Data Scientist,US
2023,MI,FT,145000,0,M,Data Engineer,US
2023,MI,FT,125000,0,M,Data Engineer,US
2023,MI,FT,150000,100,M,Data Scientist,US
2023,MI,FT,97750,100,M,Data Scientist,US
2023,SE,FT,201000,0,M,Data Scientist,US
2023,SE,FT,122000,0,M,Data Scientist,US
2023,SE,FT,252000,0,M,Data Engineer,US
2023,SE,FT,129000,0,M,Data Engineer,US
2023,SE,FT,120000,100,M,Data Analyst,US
2023,SE,FT,75000,100,M,Data Analyst,US
2023,MI,FT,116990,100,M,Data Scientist,US
2023,MI,FT,82920,100,M,Data Scientist,US
2023,SE,FT,185900,0,M,Data Scientist,US
2023,SE,FT,129300,0,M,Data Scientist,US
2023,MI,FT,200000,0,S,ML/AI Engineer,US
2023,MI,FT,125000,0,S,ML/AI Engineer,US
2023,SE,FT,201000,0,M,Data Scientist,US
2023,SE,FT,122000,0,M,Data Scientist,US
2023,SE,FT,204500,0,M,ML/AI Engineer,US
2023,SE,FT,142200,0,M,ML/AI Engineer,US
2023,SE,FT,155000,0,M,Management,US
2023,SE,FT,140000,0,M,Management,US
2023,MI,FT,205920,0,M,ML/AI Engineer,US
2023,MI,FT,171600,0,M,ML/AI Engineer,US
2023,SE,FT,121500,100,M,Data Engineer,US
2023,SE,FT,78000,100,M,Data Engineer,US
2023,MI,FT,154000,0,M,Data Engineer,US
2023,MI,FT,116000,0,M,Data Engineer,US
2023,SE,FT,190000,0,M,Data Scientist,US
2023,SE,FT,136000,0,M,Data Scientist,US
2023,MI,FT,78990,100,M,Data Analyst,GB
2023,MI,FT,43809,100,M,Data Analyst,GB
2023,SE,FT,180000,0,M,Data Analyst,US
2023,SE,FT,110000,0,M,Data Analyst,US
2023,SE,FT,275300,100,M,Data Scientist,US
2023,SE,FT,183000,100,M,Data Scientist,US
2023,SE,FT,170000,0,M,Data Engineer,US
2023,SE,FT,140000,0,M,Data Engineer,US
2023,SE,FT,154000,0,M,Data Engineer,US
2023,SE,FT,116000,0,M,Data Engineer,US
2023,SE,FT,160000,100,M,Data Engineer,US
2023,SE,FT,130000,100,M,Data Engineer,US
2023,MI,FT,200000,0,M,Data Engineer,US
2023,MI,FT,120000,0,M,Data Engineer,US
2023,SE,FT,175000,100,M,Data Scientist,US
2023,SE,FT,160000,100,M,Data Scientist,US
2023,MI,FT,127599,0,M,Data Engineer,GB
2023,MI,FT,103294,0,M,Data Engineer,GB
2023,SE,FT,153600,0,M,Data Engineer,US
2023,SE,FT,106800,0,M,Data Engineer,US
2023,EN,FT,85000,100,M,Data Analyst,US
2023,EN,FT,75000,100,M,Data Analyst,US
2023,SE,FT,225000,0,M,Data Scientist,US
2023,SE,FT,156400,0,M,Data Scientist,US
2023,SE,FT,150000,0,M,Data Engineer,US
2023,SE,FT,120000,0,M,Data Engineer,US
2023,SE,FT,163800,0,M,ML/AI Engineer,US
2023,SE,FT,126000,0,M,ML/AI Engineer,US
2023,SE,FT,145000,100,M,Data Analyst,US
2023,SE,FT,90000,100,M,Data Analyst,US
2023,SE,FT,204500,0,M,ML/AI Engineer,US
2023,SE,FT,142200,0,M,ML/AI Engineer,US
2023,SE,FT,95000,0,M,Data Analyst,US
2023,SE,FT,85500,0,M,Data Analyst,US
2023,SE,FT,167500,0,M,Data Engineer,US
2023,SE,FT,106500,0,M,Data Engineer,US
2023,SE,FT,163800,0,M,Data Engineer,US
2023,SE,FT,126000,0,M,Data Engineer,US
2023,MI,FT,155000,0,M,Management,US
2023,MI,FT,140000,0,M,Management,US
2023,SE,FT,250000,0,M,Data Scientist,US
2023,SE,FT,200000,0,M,Data Scientist,US
2023,SE,FT,260000,0,M,Data Scientist,US
2023,SE,FT,186000,0,M,Data Scientist,US
2023,SE,FT,160000,100,M,Data Engineer,US
2023,SE,FT,130000,100,M,Data Engineer,US
2023,SE,FT,200000,0,M,Data Scientist,US
2023,SE,FT,150000,0,M,Data Scientist,US
2023,SE,FT,48289,0,M,Data Scientist,ES
2023,SE,FT,38631,0,M,Data Scientist,ES
2023,SE,FT,150000,0,M,Data Scientist,US
2023,SE,FT,120000,0,M,Data Scientist,US
2023,EN,FT,30000,50,M,Data Analyst,IN
2023,MI,FT,185000,0,M,Data Scientist,US
2023,MI,FT,125000,0,M,Data Scientist,US
2022,EN,PT,34320,100,S,Data Analyst,US
2022,MI,FT,9289,100,M,Data Analyst,Other
2023,SE,FT,75116,100,L,Management,Other
2022,EX,FT,106000,0,L,Management,Other
2023,SE,FT,175000,100,M,Data Analyst,US
2023,SE,FT,130000,100,M,Data Analyst,US
2023,SE,FT,122000,100,M,Data Analyst,US
2023,SE,FT,93800,100,M,Data Analyst,US
2023,SE,FT,150000,100,M,Management,Other
2023,SE,FT,90000,100,M,Management,Other
2023,SE,FT,165000,100,M,Data Analyst,US
2023,SE,FT,112000,100,M,Data Analyst,US
2023,EN,FT,220000,0,M,ML/AI Engineer,US
2023,SE,FT,71897,100,M,Data Analyst,DE
2023,EN,FT,64385,0,M,ML/AI Engineer,DE
2023,SE,FT,204500,0,M,ML/AI Engineer,US
2023,SE,FT,142200,0,M,ML/AI Engineer,US
2023,SE,FT,15806,100,S,Data Analyst,IN
2023,MI,FT,200000,0,M,ML/AI Engineer,US
2023,MI,FT,175000,0,M,ML/AI Engineer,US
2023,SE,FT,185900,0,M,Data Engineer,US
2023,SE,FT,129300,0,M,Data Engineer,US
2023,SE,FT,185900,0,M,Data Analyst,US
2023,SE,FT,121700,0,M,Data Analyst,US
2023,SE,FT,204500,0,M,ML/AI Engineer,US
2023,SE,FT,142200,0,M,ML/AI Engineer,US
2023,MI,FT,40000,50,L,Data Scientist,Other
2023,SE,FT,29453,50,M,Other,Other
2023,SE,FT,180180,0,M,Data Analyst,US
2023,SE,FT,106020,0,M,Data Analyst,US
2023,SE,FT,136000,100,M,Data Scientist,US
2023,SE,FT,104000,100,M,Data Scientist,US
2023,SE,FT,125000,0,M,Data Analyst,US
2023,SE,FT,110000,0,M,Data Analyst,US
2023,SE,FT,153400,0,M,ML/AI Engineer,US
2023,SE,FT,122700,0,M,ML/AI Engineer,US
2023,EX,FT,310000,100,M,Data Engineer,US
2023,EX,FT,239000,100,M,Data Engineer,US
2023,SE,FT,152380,0,M,Data Analyst,US
2023,SE,FT,121904,0,M,Data Analyst,US
2023,SE,FT,185900,0,M,Data Scientist,US
2023,SE,FT,129300,0,M,Data Scientist,US
2023,SE,FT,247500,0,M,ML/AI Engineer,US
2023,SE,FT,172200,0,M,ML/AI Engineer,US
2023,SE,FT,168400,0,M,Data Engineer,US
2023,SE,FT,105200,0,M,Data Engineer,US
2023,SE,FT,128280,0,M,ML/AI Engineer,US
2023,SE,FT,106900,0,M,ML/AI Engineer,US
2022,SE,FT,192000,100,L,Management,US
2023,MI,FT,140000,0,M,Data Engineer,US
2023,MI,FT,100000,0,M,Data Engineer,US
2023,SE,FT,107309,100,S,Data Engineer,DE
2023,SE,FT,85847,100,S,Data Engineer,DE
2023,SE,FT,275000,0,M,ML/AI Engineer,DE
2023,SE,FT,174000,0,M,ML/AI Engineer,DE
2023,SE,FT,139500,0,M,Data Engineer,US
2023,SE,FT,109400,0,M,Data Engineer,US
2023,SE,FT,139500,0,M,ML/AI Engineer,US
2023,SE,FT,109400,0,M,ML/AI Engineer,US
2023,SE,FT,170500,100,M,Data Analyst,US
2023,SE,FT,85000,100,M,Data Analyst,US
2023,SE,FT,72946,0,M,Management,GB
2023,SE,FT,54365,0,M,Management,GB
2023,EX,FT,160288,0,M,Management,GB
2023,EX,FT,127467,0,M,Management,GB
2023,SE,FT,80000,0,M,Data Engineer,US
2023,SE,FT,65000,0,M,Data Engineer,US
2023,SE,FT,124740,0,M,Data Engineer,US
2023,SE,FT,65488,0,M,Data Engineer,US
2023,SE,FT,72200,0,M,Data Analyst,US
2023,SE,FT,64980,0,M,Data Analyst,US
2023,SE,FT,153600,0,M,Data Engineer,US
2023,SE,FT,106800,0,M,Data Engineer,US
2023,SE,FT,179975,100,M,Data Analyst,US
2023,SE,FT,86466,100,M,Data Analyst,US
2023,SE,FT,120000,0,M,Data Engineer,US
2023,SE,FT,90000,0,M,Data Engineer,US
2023,MI,FT,51039,0,M,Data Analyst,GB
2023,MI,FT,42533,0,M,Data Analyst,GB
2023,SE,FT,149076,0,M,Data Scientist,US
2023,SE,FT,82365,0,M,Data Scientist,US
2023,SE,FT,169000,0,M,Data Analyst,US
2023,SE,FT,110600,0,M,Data Analyst,US
2023,SE,FT,175000,0,M,Management,US
2023,SE,FT,120000,0,M,Management,US
2023,SE,FT,230000,0,M,Data Analyst,US
2023,SE,FT,180000,0,M,Data Analyst,US
2023,SE,FT,153600,0,M,Data Analyst,US
2023,SE,FT,106800,0,M,Data Analyst,US
2023,SE,FT,140000,0,M,Management,US
2023,SE,FT,120000,0,M,Management,US
2023,SE,FT,205920,0,M,ML/AI Engineer,US
2023,SE,FT,171600,0,M,ML/AI Engineer,US
2023,SE,FT,165000,100,M,Data Analyst,US
2023,SE,FT,125000,100,M,Data Analyst,US
2023,SE,FT,265000,0,M,Data Engineer,US
2023,SE,FT,185000,0,M,Data Engineer,US
2023,MI,FT,130000,0,M,ML/AI Engineer,US
2022,EN,FT,168000,100,M,Data Scientist,US
2023,MI,FT,38631,50,L,ML/AI Engineer,ES
2023,SE,FT,95000,0,M,Data Analyst,US
2023,SE,FT,85500,0,M,Data Analyst,US
2023,SE,FT,147100,0,M,Data Scientist,US
2023,SE,FT,90700,0,M,Data Scientist,US
2023,SE,FT,167580,0,M,Data Engineer,US
2023,SE,FT,87980,0,M,Data Engineer,US
2023,SE,FT,202000,100,M,Data Engineer,US
2023,SE,FT,135000,100,M,Data Engineer,US
2023,SE,FT,163800,0,M,Data Engineer,US
2023,SE,FT,126000,0,M,Data Engineer,US
2023,SE,FT,163800,0,M,ML/AI Engineer,US
2023,SE,FT,126000,0,M,ML/AI Engineer,US
2023,SE,FT,104000,100,M,Data Engineer,US
2023,SE,FT,65000,100,M,Data Engineer,US
2023,SE,FT,230000,0,M,Data Engineer,US
2023,SE,FT,148000,0,M,Data Engineer,US
2023,SE,FT,269000,100,M,ML/AI Engineer,CA
2023,SE,FT,158000,100,M,ML/AI Engineer,CA
2023,SE,FT,197000,0,M,Data Engineer,US
2023,SE,FT,106000,0,M,Data Engineer,US
2023,MI,FT,150000,100,M,ML/AI Engineer,US
2023,MI,FT,100000,100,M,ML/AI Engineer,US
2023,SE,FT,290000,100,M,Data Engineer,US
2023,SE,FT,210000,100,M,Data Engineer,US
2023,SE,FT,192000,0,M,Data Engineer,US
2023,SE,FT,172800,0,M,Data Engineer,US
2023,SE,FT,300240,0,M,Data Scientist,US
2023,SE,FT,200160,0,M,Data Scientist,US
2023,SE,FT,300240,0,M,Data Scientist,US
2023,SE,FT,200160,0,M,Data Scientist,US
2023,SE,FT,175000,0,M,Data Engineer,US
2023,SE,FT,140000,0,M,Data Engineer,US
2023,SE,FT,169000,0,M,Management,US
2023,SE,FT,100000,0,M,Management,US
2023,SE,FT,370000,0,M,Data Scientist,US
2023,SE,FT,245000,0,M,Data Scientist,US
2023,MI,FT,115447,100,L,Data Engineer,GB
2023,SE,FT,110000,100,S,Data Analyst,US
2023,SE,FT,80000,100,S,Data Analyst,US
2023,EN,FT,55000,0,M,Data Analyst,US
2023,EN,FT,48000,0,M,Data Analyst,US
2023,SE,FT,95000,0,M,Data Analyst,US
2023,SE,FT,85000,0,M,Data Analyst,US
2023,SE,FT,137500,100,M,Data Engineer,US
2023,SE,FT,81500,100,M,Data Engineer,US
2023,SE,FT,323300,0,M,ML/AI Engineer,US
2023,SE,FT,184700,0,M,ML/AI Engineer,US
2021,MI,FT,30000,0,S,ML/AI Engineer,Other
2023,SE,FT,186000,100,M,ML/AI Engineer,US
2023,SE,FT,153088,100,M,ML/AI Engineer,US
2023,MI,FT,190000,100,M,Data Engineer,US
2023,MI,FT,160000,100,M,Data Engineer,US
2023,SE,FT,200000,100,M,ML/AI Engineer,US
2023,SE,FT,150000,100,M,ML/AI Engineer,US
2023,MI,FT,190000,0,M,Data Engineer,US
2023,MI,FT,183310,0,M,Data Engineer,US
2023,SE,FT,240000,100,M,ML/AI Engineer,US
2023,SE,FT,180000,100,M,ML/AI Engineer,US
2023,SE,FT,200000,100,M,ML/AI Engineer,US
2023,SE,FT,150000,100,M,ML/AI Engineer,US
2023,SE,FT,299500,0,M,Management,US
2023,SE,FT,245100,0,M,Management,US
2023,SE,FT,144000,100,M,Data Engineer,US
2023,SE,FT,66000,100,M,Data Engineer,US
2023,MI,FT,148500,0,M,ML/AI Engineer,US
2023,MI,FT,126277,0,M,ML/AI Engineer,US
2023,SE,FT,228000,0,M,Data Engineer,US
2023,SE,FT,120000,0,M,Data Engineer,US
2023,SE,FT,180000,0,M,ML/AI Engineer,US
2023,SE,FT,90000,0,M,ML/AI Engineer,US
2023,SE,FT,126500,0,M,Data Scientist,US
2023,SE,FT,78000,0,M,Data Scientist,US
2023,SE,FT,180000,0,M,Data Engineer,US
2023,SE,FT,160000,0,M,Data Engineer,US
2023,SE,FT,272000,0,M,ML/AI Engineer,US
2023,SE,FT,170000,0,M,ML/AI Engineer,US
2023,MI,FT,80000,0,M,Data Analyst,US
2023,MI,FT,60000,0,M,Data Analyst,US
2023,SE,FT,259000,100,M,Data Engineer,US
2023,SE,FT,146000,100,M,Data Engineer,US
2023,SE,FT,200000,0,M,Data Engineer,US
2023,SE,FT,160000,0,M,Data Engineer,US
2023,EX,FT,310000,100,M,Data Engineer,US
2023,EX,FT,239000,100,M,Data Engineer,US
2023,SE,FT,142000,100,M,Data Analyst,US
2023,SE,FT,95000,100,M,Data Analyst,US
2023,SE,FT,155000,0,M,Data Scientist,US
2023,SE,FT,139500,0,M,Data Scientist,US
2023,MI,FT,140000,100,M,Data Engineer,US
2023,MI,FT,120000,100,M,Data Engineer,US
2023,SE,FT,259000,100,M,Data Engineer,US
2023,SE,FT,146000,100,M,Data Engineer,US
2023,MI,FT,109371,0,M,Data Analyst,Other
2023,MI,FT,72914,0,M,Data Analyst,Other
2023,EN,PT,17779,100,L,Data Analyst,IN
2023,EN,FT,19522,100,L,Data Scientist,Other
2023,SE,FT,247500,0,M,Management,US
2023,SE,FT,172200,0,M,Management,US
2023,SE,FT,225000,0,M,Data Scientist,US
2023,SE,FT,156400,0,M,Data Scientist,US
2023,SE,FT,139500,0,M,Data Engineer,US
2023,SE,FT,109400,0,M,Data Engineer,US
2023,MI,FT,125000,0,M,Data Engineer,US
2023,MI,FT,90000,0,M,Data Engineer,US
2023,SE,FT,107309,100,M,ML/AI Engineer,Other
2023,SE,FT,75116,100,M,ML/AI Engineer,Other
2023,SE,FT,185900,0,M,Data Scientist,US
2023,SE,FT,129300,0,M,Data Scientist,US
2023,SE,FT,139500,0,M,ML/AI Engineer,US
2023,SE,FT,109400,0,M,ML/AI Engineer,US
2023,SE,FT,120000,100,M,Data Analyst,US
2023,SE,FT,75000,100,M,Data Analyst,US
2023,SE,FT,169000,0,M,Data Analyst,US
2023,SE,FT,110600,0,M,Data Analyst,US
2023,SE,FT,288000,100,M,ML/AI Engineer,US
2023,SE,FT,140000,100,M,ML/AI Engineer,US
2023,SE,FT,288000,100,M,ML/AI Engineer,US
2023,SE,FT,140000,100,M,ML/AI Engineer,US
2023,MI,FT,120000,0,M,Data Engineer,US
2023,MI,FT,90000,0,M,Data Engineer,US
2023,MI,FT,72914,0,M,Management,GB
2023,MI,FT,60761,0,M,Management,GB
2023,SE,FT,215050,100,M,Data Scientist,US
2023,SE,FT,156400,100,M,Data Scientist,US
2023,SE,FT,198000,100,M,Data Engineer,US
2023,SE,FT,114000,100,M,Data Engineer,US
2023,EN,FT,75000,100,M,Data Analyst,US
2023,EN,FT,60000,100,M,Data Analyst,US
2023,SE,FT,204500,0,M,ML/AI Engineer,US
2023,SE,FT,142200,0,M,ML/AI Engineer,US
2023,SE,FT,209300,100,M,Data Scientist,US
2023,SE,FT,182200,100,M,Data Scientist,US
2023,SE,FT,140000,0,M,Management,US
2023,SE,FT,120000,0,M,Management,US
2022,EN,FT,85000,0,M,Data Scientist,US
2023,MI,FT,48609,100,M,ML/AI Engineer,GB
2023,EN,FT,120000,100,M,Data Engineer,GB
2023,EN,FT,60000,100,M,Data Engineer,GB
2023,SE,FT,147100,0,M,ML/AI Engineer,US
2023,SE,FT,90700,0,M,ML/AI Engineer,US
2023,SE,FT,230000,0,M,Data Engineer,US
2023,SE,FT,170000,0,M,Data Engineer,US
2023,SE,FT,227000,0,M,Data Analyst,US
2023,SE,FT,108000,0,M,Data Analyst,US
2023,SE,FT,180000,100,M,Data Engineer,US
2023,SE,FT,160000,100,M,Data Engineer,US
2023,SE,FT,180000,100,M,Data Engineer,US
2023,SE,FT,160000,100,M,Data Engineer,US
2023,SE,FT,180000,0,M,Data Engineer,US
2023,SE,FT,130000,0,M,Data Engineer,US
2023,SE,FT,55800,100,M,Data Analyst,ES
2023,SE,FT,51508,100,M,Data Analyst,ES
2023,EN,FT,60000,100,L,Data Analyst,US
2023,EN,FT,50000,50,L,Data Analyst,US
2023,SE,FT,226700,0,M,Data Engineer,US
2023,SE,FT,133300,0,M,Data Engineer,US
2023,SE,FT,252000,0,M,Data Engineer,US
2023,SE,FT,129000,0,M,Data Engineer,US
2023,SE,FT,151902,100,L,Data Engineer,GB
2023,EN,FT,9727,0,L,Data Scientist,IN
2023,SE,FT,80000,0,M,Data Analyst,US
2023,SE,FT,52500,0,M,Data Analyst,US
2023,SE,FT,250000,100,M,Data Engineer,US
2023,SE,FT,162500,100,M,Data Engineer,US
2023,EN,FT,85000,100,M,Data Analyst,US
2023,EN,FT,75000,100,M,Data Analyst,US
2023,SE,FT,153600,0,M,Data Analyst,US
2023,SE,FT,106800,0,M,Data Analyst,US
2023,MI,FT,165000,0,M,Data Analyst,US
2023,MI,FT,124000,0,M,Data Analyst,US
2023,SE,FT,115934,100,M,Data Analyst,US
2023,SE,FT,81666,100,M,Data Analyst,US
2023,SE,FT,167580,0,M,Data Engineer,US
2023,SE,FT,87980,0,M,Data Engineer,US
2023,SE,FT,250000,100,M,Data Engineer,US
2023,SE,FT,63000,100,M,Data Engineer,US
2023,SE,FT,253750,0,M,Data Scientist,ES
2023,SE,FT,169200,0,M,Data Scientist,ES
2023,SE,FT,253750,0,M,Data Scientist,ES
2023,SE,FT,169200,0,M,Data Scientist,ES
2023,MI,FT,170000,0,M,Data Scientist,US
2023,MI,FT,120000,0,M,Data Scientist,US
2023,SE,FT,124740,0,M,Data Engineer,US
2023,SE,FT,65488,0,M,Data Engineer,US
2023,SE,FT,213580,100,M,Data Engineer,US
2023,SE,FT,163625,100,M,Data Engineer,US
2023,EN,FT,12000,0,L,Data Engineer,Other
2022,SE,FT,375000,100,M,ML/AI Engineer,US
2023,SE,FT,101943,100,M,Data Engineer,Other
2023,MI,FT,16414,100,L,Data Analyst,IN
2023,SE,FT,220000,0,M,ML/AI Engineer,US
2023,SE,FT,170000,0,M,ML/AI Engineer,US
2023,EX,FT,235000,0,M,Data Engineer,US
2023,EX,FT,210000,0,M,Data Engineer,US
2023,SE,FT,180000,100,M,Data Engineer,US
2023,SE,FT,115000,100,M,Data Engineer,US
2023,SE,FT,200000,100,M,Data Engineer,US
2023,SE,FT,115000,100,M,Data Engineer,US
2023,SE,FT,231250,100,M,Management,US
2023,SE,FT,138750,100,M,Management,US
2023,SE,FT,284310,0,M,ML/AI Engineer,US
2023,SE,FT,153090,0,M,ML/AI Engineer,US
2023,SE,FT,160000,100,M,Data Engineer,US
2023,SE,FT,75000,100,M,Data Engineer,US
2023,MI,FT,125000,0,M,Data Analyst,US
2023,MI,FT,105000,0,M,Data Analyst,US
2023,MI,FT,109371,0,M,Data Analyst,GB
2023,MI,FT,85066,0,M,Data Analyst,GB
2023,EN,FT,55000,0,M,Data Analyst,US
2023,EN,FT,48000,0,M,Data Analyst,US
2023,EN,FT,100000,50,M,Data Analyst,US
2023,SE,FT,225900,0,M,Management,US
2023,SE,FT,156400,0,M,Management,US
2023,SE,FT,250000,100,M,Data Engineer,US
2023,SE,FT,162500,100,M,Data Engineer,US
2023,SE,FT,318300,100,M,ML/AI Engineer,US
2023,SE,FT,188800,100,M,ML/AI Engineer,US
2023,SE,FT,385000,0,M,Data Analyst,US
2023,SE,FT,60000,0,M,Data Analyst,US
2023,MI,FT,110000,100,M,Data Analyst,US
2023,MI,FT,95000,100,M,Data Analyst,US
2023,SE,FT,145000,100,M,Data Scientist,US
2023,SE,FT,135000,100,M,Data Scientist,US
2023,SE,FT,180180,0,M,Data Analyst,US
2023,SE,FT,106020,0,M,Data Analyst,US
2023,SE,FT,93919,100,M,Data Analyst,US
2023,SE,FT,51962,100,M,Data Analyst,US
2023,SE,FT,241871,0,M,Data Engineer,US
2023,SE,FT,133832,0,M,Data Engineer,US
2023,SE,FT,170000,100,M,Data Scientist,US
2023,SE,FT,90000,100,M,Data Scientist,US
2023,EX,FT,210914,100,M,Data Engineer,US
2023,EX,FT,116704,100,M,Data Engineer,US
2023,SE,FT,192500,100,M,Data Analyst,US
2023,SE,FT,140000,100,M,Data Analyst,US
2023,SE,FT,149076,0,M,Data Scientist,US
2023,SE,FT,82365,0,M,Data Scientist,US
2023,MI,FT,36000,100,S,ML/AI Engineer,Other
2023,SE,FT,175000,0,M,Data Scientist,US
2023,SE,FT,148750,0,M,Data Scientist,US
2023,SE,FT,370000,0,M,Data Scientist,US
2023,SE,FT,200000,0,M,Data Scientist,US
2023,SE,FT,235000,100,M,Data Scientist,US
2023,SE,FT,185000,100,M,Data Scientist,US
2023,MI,FT,121523,0,M,ML/AI Engineer,GB
2023,MI,FT,97218,0,M,ML/AI Engineer,GB
2023,SE,FT,216100,0,M,Data Scientist,US
2023,SE,FT,140800,0,M,Data Scientist,US
2023,MI,FT,145828,0,M,ML/AI Engineer,GB
2023,MI,FT,121523,0,M,ML/AI Engineer,GB
2023,SE,FT,53654,100,L,ML/AI Engineer,CA
2023,EN,FT,110000,50,S,Data Scientist,US
2023,SE,FT,128000,0,M,Data Engineer,US
2023,SE,FT,81500,0,M,Data Engineer,US
2023,MI,FT,66837,100,M,Data Engineer,GB
2023,MI,FT,63192,100,M,Data Engineer,GB
2023,MI,FT,60761,0,M,Data Analyst,GB
2023,MI,FT,54685,0,M,Data Analyst,GB
2023,EX,FT,284000,100,M,Data Engineer,US
2023,EX,FT,236000,100,M,Data Engineer,US
2023,SE,FT,248100,0,M,Data Scientist,CA
2023,SE,FT,145900,0,M,Data Scientist,CA
2023,SE,FT,155850,0,M,Data Engineer,US
2023,SE,FT,102544,0,M,Data Engineer,US
2023,MI,FT,151410,100,M,Data Scientist,US
2023,MI,FT,115360,100,M,Data Scientist,US
2023,MI,FT,66531,100,M,Data Engineer,ES
2023,MI,FT,59020,100,M,Data Engineer,ES
2023,SE,FT,125686,50,M,Management,CA
2023,SE,FT,100000,50,L,Data Engineer,Other
2023,EN,FT,12767,50,L,Data Scientist,IN
2023,SE,FT,250000,0,M,Data Scientist,US
2023,SE,FT,162500,0,M,Data Scientist,US
2023,SE,FT,185000,0,M,Data Scientist,GB
2023,SE,FT,120250,0,M,Data Scientist,GB
2023,EN,FT,26827,100,L,Data Engineer,DE
2022,EN,FT,180000,100,M,Data Scientist,US
2023,MI,FT,85000,0,M,Data Scientist,US
2023,MI,FT,70000,0,M,Data Scientist,US
2023,SE,FT,135000,100,M,Data Engineer,US
2023,SE,FT,100000,100,M,Data Engineer,US
2023,EX,FT,155000,0,M,Management,US
2023,EX,FT,140000,0,M,Management,US
2023,SE,FT,204500,0,M,ML/AI Engineer,US
2023,SE,FT,142200,0,M,ML/AI Engineer,US
2023,SE,FT,226700,0,M,Data Engineer,US
2023,SE,FT,133300,0,M,Data Engineer,US
2023,SE,FT,225000,100,M,Data Scientist,US
2023,SE,FT,156400,100,M,Data Scientist,US
2023,SE,FT,163800,0,M,Data Engineer,US
2023,SE,FT,126000,0,M,Data Engineer,US
2023,SE,FT,163800,0,M,ML/AI Engineer,US
2023,SE,FT,126000,0,M,ML/AI Engineer,US
2023,SE,FT,220000,0,M,ML/AI Engineer,US
2023,SE,FT,150000,0,M,ML/AI Engineer,US
2023,SE,FT,145000,0,M,Data Engineer,US
2023,SE,FT,115000,0,M,Data Engineer,US
2023,SE,FT,204500,0,M,Management,US
2023,SE,FT,138900,0,M,Management,US
2023,MI,FT,162500,0,M,Data Engineer,US
2023,MI,FT,130000,0,M,Data Engineer,US
2023,SE,FT,150000,100,M,Data Engineer,US
2023,SE,FT,107000,100,M,Data Engineer,US
2023,EX,FT,175000,0,M,Data Engineer,US
2023,EX,FT,110000,0,M,Data Engineer,US
2023,SE,FT,226700,0,M,Data Engineer,US
2023,SE,FT,133300,0,M,Data Engineer,US
2023,SE,FT,252000,0,M,Data Engineer,US
2023,SE,FT,129000,0,M,Data Engineer,US
2023,SE,FT,150000,0,M,ML/AI Engineer,US
2023,SE,FT,125000,0,M,ML/AI Engineer,US
2023,SE,FT,252000,0,M,Data Engineer,US
2023,SE,FT,129000,0,M,Data Engineer,US
2023,SE,FT,225000,0,M,Data Scientist,US
2023,SE,FT,156400,0,M,Data Scientist,US
2022,MI,FT,23000,100,L,Data Scientist,IN
2023,MI,FT,110000,100,L,ML/AI Engineer,US
2023,SE,FT,265000,100,M,Data Engineer,US
2023,SE,FT,182750,100,M,Data Engineer,US
2023,MI,FT,130000,0,M,Data Analyst,US
2023,MI,FT,100000,0,M,Data Analyst,US
2023,SE,FT,153600,0,M,Data Analyst,US
2023,SE,FT,106800,0,M,Data Analyst,US
2023,SE,FT,137500,0,M,Data Engineer,US
2023,SE,FT,81500,0,M,Data Engineer,US
2023,EX,FT,314100,0,M,Management,US
2023,EX,FT,195800,0,M,Management,US
2023,SE,FT,205000,0,M,Data Scientist,US
2023,SE,FT,180000,0,M,Data Scientist,US
2023,SE,FT,165000,100,M,Data Scientist,US
2023,SE,FT,144000,100,M,Data Scientist,US
2023,EN,FT,160000,0,M,Data Engineer,US
2023,EN,FT,100000,0,M,Data Engineer,US
2023,EX,FT,200000,0,M,Data Engineer,US
2023,EX,FT,145000,0,M,Data Engineer,US
2023,MI,FT,150000,0,M,Data Analyst,US
2023,MI,FT,100000,0,M,Data Analyst,US
2023,SE,FT,199000,0,M,Management,US
2023,SE,FT,112000,0,M,Management,US
2023,SE,FT,105000,0,M,Data Scientist,US
2023,SE,FT,70000,0,M,Data Scientist,US
2023,EN,FT,130000,100,S,Data Engineer,Other
2023,SE,FT,180180,0,M,Data Analyst,US
2023,SE,FT,106020,0,M,Data Analyst,US
2023,EN,FT,160000,0,M,Data Engineer,US
2023,EN,FT,135000,0,M,Data Engineer,US
2023,SE,FT,183000,0,M,Data Scientist,US
2023,SE,FT,134000,0,M,Data Scientist,US
2023,SE,FT,220000,0,M,ML/AI Engineer,US
2023,SE,FT,150000,0,M,ML/AI Engineer,US
2023,SE,FT,350000,0,L,Data Scientist,US
2023,SE,FT,262500,0,L,Data Scientist,US
2023,SE,FT,122000,0,M,Data Analyst,US
2023,SE,FT,94000,0,M,Data Analyst,US
2023,SE,FT,276000,0,M,ML/AI Engineer,US
2023,SE,FT,184000,0,M,ML/AI Engineer,US
2023,EX,FT,310000,100,M,Data Engineer,US
2023,EX,FT,239000,100,M,Data Engineer,US
2023,SE,FT,225000,100,M,Data Scientist,US
2023,SE,FT,156400,100,M,Data Scientist,US
2023,MI,FT,180000,100,M,ML/AI Engineer,US
2023,MI,FT,150000,100,M,ML/AI Engineer,US
2023,SE,FT,228000,0,M,Data Scientist,US
2023,SE,FT,152000,0,M,Data Scientist,US
2023,SE,FT,209450,100,M,Data Scientist,US
2023,SE,FT,158677,100,M,Data Scientist,US
2023,SE,FT,175000,0,M,Data Analyst,US
2023,SE,FT,145000,0,M,Data Analyst,US
2023,SE,FT,240000,0,M,Data Engineer,US
2023,SE,FT,170000,0,M,Data Engineer,US
2023,MI,FT,103200,0,M,Data Analyst,US
2023,MI,FT,61200,0,M,Data Analyst,US
2022,MI,FT,155000,100,L,Data Scientist,US
2021,EN,FT,66970,50,L,Data Engineer,Other
2023,SE,FT,63312,50,L,Data Scientist,Other
2023,SE,FT,237000,100,M,Data Scientist,US
2023,SE,FT,145000,100,M,Data Scientist,US
2023,SE,FT,240000,100,M,Data Scientist,US
2023,SE,FT,139000,100,M,Data Scientist,US
2023,SE,FT,174500,0,M,Data Engineer,US
2023,SE,FT,113000,0,M,Data Engineer,US
2023,SE,FT,130000,100,M,Data Analyst,US
2023,SE,FT,87000,100,M,Data Analyst,US
2023,SE,FT,160000,100,M,Data Analyst,US
2023,SE,FT,108000,100,M,Data Analyst,US
2023,SE,FT,165000,100,M,Data Engineer,US
2023,SE,FT,107250,100,M,Data Engineer,US
2023,SE,FT,300000,0,M,Data Engineer,US
2023,SE,FT,119000,0,M,Data Engineer,US
2023,SE,FT,285800,100,M,Data Scientist,US
2023,SE,FT,154600,100,M,Data Scientist,US
2023,MI,FT,60795,50,L,Management,IN
2023,EN,FT,30000,100,S,Data Analyst,US
2023,MI,FT,220000,0,M,Management,US
2023,MI,FT,195000,0,M,Management,US
2023,SE,FT,168400,0,M,Management,US
2023,SE,FT,105200,0,M,Management,US
2023,MI,FT,206000,0,M,Data Analyst,US
2023,MI,FT,160000,0,M,Data Analyst,US
2023,SE,FT,200000,100,M,Data Engineer,US
2023,SE,FT,175000,100,M,Data Engineer,US
2023,SE,FT,231250,100,M,Data Engineer,US
2023,SE,FT,138750,100,M,Data Engineer,US
2023,SE,FT,153000,100,M,Data Engineer,CA
2023,SE,FT,94000,100,M,Data Engineer,CA
2023,SE,FT,240500,0,L,Data Engineer,US
2023,SE,FT,123700,0,L,Data Engineer,US
2023,SE,FT,160000,100,M,Data Engineer,US
2023,SE,FT,90000,100,M,Data Engineer,US
2023,EN,FT,124234,0,M,Data Scientist,US
2023,EN,FT,74540,0,M,Data Scientist,US
2023,MI,FT,109000,0,M,Data Analyst,US
2023,MI,FT,79000,0,M,Data Analyst,US
2022,SE,FT,84053,50,L,ML/AI Engineer,Other
2023,MI,FT,50000,0,S,ML/AI Engineer,Other
2023,SE,FT,275300,100,M,Data Scientist,US
2023,SE,FT,183500,100,M,Data Scientist,US
2023,SE,FT,275300,100,M,Data Scientist,US
2023,SE,FT,183500,100,M,Data Scientist,US
2023,SE,FT,160000,100,M,Data Analyst,US
2023,SE,FT,125600,100,M,Data Analyst,US
2023,SE,FT,170000,0,M,Data Engineer,US
2023,SE,FT,120000,0,M,Data Engineer,US
2023,SE,FT,225000,0,M,Data Engineer,US
2023,SE,FT,140000,0,M,Data Engineer,US
2023,SE,FT,141290,0,M,Data Analyst,US
2023,SE,FT,74178,0,M,Data Analyst,US
2023,SE,FT,150000,0,M,Data Scientist,US
2023,SE,FT,120000,0,M,Data Scientist,US
2023,SE,FT,85000,100,M,Data Engineer,US
2023,SE,FT,75000,100,M,Data Engineer,US
2023,SE,FT,220000,0,M,Data Engineer,US
2023,SE,FT,160000,0,M,Data Engineer,US
2023,SE,FT,205600,100,M,Data Engineer,US
2023,SE,FT,107500,100,M,Data Engineer,US
2023,MI,FT,120000,0,M,Data Engineer,US
2023,MI,FT,95000,0,M,Data Engineer,US
2023,SE,FT,185900,0,M,Data Engineer,US
2023,SE,FT,129300,0,M,Data Engineer,US
2023,SE,FT,160000,100,M,Data Engineer,US
2023,SE,FT,130000,100,M,Data Engineer,US
2023,EN,FT,12888,50,S,Data Scientist,IN
2023,MI,FT,250000,0,M,Data Engineer,US
2023,MI,FT,175000,0,M,Data Engineer,US
2023,SE,FT,136000,100,M,Data Scientist,US
2023,SE,FT,104000,100,M,Data Scientist,US
2023,MI,FT,80000,0,M,Data Analyst,US
2023,MI,FT,52500,0,M,Data Analyst,US
2023,SE,FT,110000,100,M,Data Scientist,US
2023,SE,FT,84000,100,M,Data Scientist,US
2023,SE,FT,125000,0,M,Data Analyst,US
2023,SE,FT,110000,0,M,Data Analyst,US
2023,MI,FT,90000,0,M,Data Analyst,US
2023,MI,FT,80000,0,M,Data Analyst,US
2023,SE,FT,200000,0,M,ML/AI Engineer,US
2023,SE,FT,135000,0,M,ML/AI Engineer,US
2022,EN,FT,48000,50,L,Data Analyst,US
2023,EN,FT,120000,50,S,ML/AI Engineer,Other
2023,SE,FT,130000,0,M,Data Engineer,US
2023,SE,FT,75000,0,M,Data Engineer,US
2023,SE,FT,252000,0,M,Data Engineer,US
2023,SE,FT,129000,0,M,Data Engineer,US
2023,MI,FT,150000,0,M,Data Analyst,US
2023,MI,FT,100000,0,M,Data Analyst,US
2023,SE,FT,226700,0,M,Data Engineer,US
2023,SE,FT,133300,0,M,Data Engineer,US
2023,SE,FT,190000,0,M,Data Scientist,US
2023,SE,FT,165000,0,M,Data Scientist,US
2023,SE,FT,170000,100,M,Data Engineer,US
2023,SE,FT,150000,100,M,Data Engineer,US
2023,MI,FT,150000,0,M,Data Engineer,US
2023,MI,FT,130000,0,M,Data Engineer,US
2023,SE,FT,225000,0,M,Data Scientist,US
2023,SE,FT,156400,0,M,Data Scientist,US
2023,SE,FT,200000,100,S,ML/AI Engineer,US
2023,MI,FT,80000,100,S,Data Scientist,Other
2023,EN,FT,12877,50,L,Data Analyst,Other
2022,EN,FT,6304,0,S,ML/AI Engineer,Other
2023,MI,FT,17509,50,M,Management,Other
2023,SE,FT,257000,0,M,Data Scientist,US
2023,SE,FT,134000,0,M,Data Scientist,US
2023,SE,FT,77262,0,M,Data Scientist,Other
2023,SE,FT,38631,0,M,Data Scientist,Other
2023,SE,FT,205600,0,L,Data Engineer,US
2023,SE,FT,105700,0,L,Data Engineer,US
2023,SE,FT,140000,100,M,Data Engineer,US
2023,SE,FT,110000,100,M,Data Engineer,US
2023,SE,FT,299500,0,M,Management,US
2023,SE,FT,245100,0,M,Management,US
2023,SE,FT,210000,0,M,Data Scientist,US
2023,SE,FT,151800,0,M,Data Scientist,US
2023,MI,FT,53654,50,L,Data Scientist,Other
2023,SE,FT,51508,0,M,Data Analyst,ES
2023,SE,FT,40777,0,M,Data Analyst,ES
2023,SE,FT,51508,0,M,Data Analyst,ES
2023,SE,FT,40777,0,M,Data Analyst,ES
2023,EN,FT,160000,0,M,Data Engineer,US
2023,EN,FT,135000,0,M,Data Engineer,US
2023,MI,FT,120000,100,M,Data Engineer,US
2023,MI,FT,95000,100,M,Data Engineer,US
2023,SE,FT,250000,100,M,Data Engineer,US
2023,SE,FT,63000,100,M,Data Engineer,US
2023,SE,FT,237000,100,M,Data Scientist,US
2023,SE,FT,145000,100,M,Data Scientist,US
2023,SE,FT,130000,100,M,Data Scientist,US
2023,SE,FT,90000,100,M,Data Scientist,US
2023,MI,FT,120000,100,M,Data Analyst,US
2023,MI,FT,100000,100,M,Data Analyst,US
2023,SE,FT,174500,0,M,Data Engineer,US
2023,SE,FT,113000,0,M,Data Engineer,US
2023,MI,FT,183310,0,M,Data Scientist,US
2023,MI,FT,183310,0,M,Data Scientist,US
2023,SE,FT,145000,100,M,Data Analyst,US
2023,SE,FT,102500,100,M,Data Analyst,US
2023,SE,FT,210000,0,M,Data Scientist,US
2023,SE,FT,185000,0,M,Data Scientist,US
2023,SE,FT,174500,0,M,Data Engineer,US
2023,SE,FT,113000,0,M,Data Engineer,US
2023,SE,FT,122000,0,M,Other,US
2023,SE,FT,94000,0,M,Other,US
2023,SE,FT,220000,0,M,Data Scientist,US
2023,SE,FT,146000,0,M,Data Scientist,US
2023,SE,FT,300000,0,M,Data Engineer,US
2023,SE,FT,130000,0,M,Data Engineer,US
2023,MI,FT,24740,50,L,Data Scientist,Other
2022,MI,FT,15897,100,M,ML/AI Engineer,IN
2023,SE,FT,145000,0,M,Other,US
2023,SE,FT,128000,0,M,Other,US
2023,SE,FT,182000,0,M,Data Scientist,US
2023,SE,FT,140000,0,M,Data Scientist,US
2023,SE,FT,122000,0,M,Data Engineer,US
2023,SE,FT,94000,0,M,Data Engineer,US
2023,SE,FT,77262,0,M,ML/AI Engineer,Other
2023,SE,FT,38631,0,M,ML/AI Engineer,Other
2023,EX,FT,300000,0,M,Data Scientist,US
2023,EX,FT,200000,0,M,Data Scientist,US
2023,MI,FT,135000,0,M,Data Analyst,US
2023,MI,FT,105500,0,M,Data Analyst,US
2023,SE,FT,252000,0,M,Data Engineer,US
2023,SE,FT,129000,0,M,Data Engineer,US
2022,MI,FT,110000,100,L,Data Scientist,US
2023,SE,FT,136000,100,M,Data Scientist,US
2023,SE,FT,104000,100,M,Data Scientist,US
2023,SE,FT,168000,100,M,Data Scientist,US
2023,SE,FT,130000,100,M,Data Scientist,US
2023,MI,FT,78990,0,M,Data Analyst,GB
2023,MI,FT,43809,0,M,Data Analyst,GB
2023,MI,FT,120000,0,M,Data Engineer,US
2023,MI,FT,95000,0,M,Data Engineer,US
2023,SE,FT,153400,0,M,Data Scientist,US
2023,SE,FT,122700,0,M,Data Scientist,US
2023,SE,FT,185000,0,M,Data Scientist,US
2023,SE,FT,160000,0,M,Data Scientist,US
2023,SE,FT,205000,100,M,Data Scientist,US
2023,SE,FT,185000,100,M,Data Scientist,US
2023,SE,FT,204500,0,M,ML/AI Engineer,US
2023,SE,FT,142200,0,M,ML/AI Engineer,US
2023,MI,FT,145000,0,M,ML/AI Engineer,US
2023,MI,FT,87000,0,M,ML/AI Engineer,US
2023,EN,FT,50000,100,M,Data Scientist,US
2023,SE,FT,234100,100,M,ML/AI Engineer,US
2023,SE,FT,203500,100,M,ML/AI Engineer,US
2023,SE,FT,223800,0,M,Data Scientist,US
2023,SE,FT,172100,0,M,Data Scientist,US
2023,SE,FT,180000,0,M,Data Scientist,US
2023,SE,FT,150000,0,M,Data Scientist,US
2023,SE,FT,232200,100,M,Data Engineer,US
2023,SE,FT,167200,100,M,Data Engineer,US
2023,SE,FT,197000,0,M,Data Engineer,US
2023,SE,FT,106000,0,M,Data Engineer,US
2023,SE,FT,180000,0,M,Data Scientist,US
2023,SE,FT,145000,0,M,Data Scientist,US
2023,SE,FT,225000,0,M,Management,US
2023,SE,FT,200000,0,M,Management,US
2023,SE,FT,170000,100,M,Data Engineer,US
2023,SE,FT,114000,100,M,Data Engineer,US
2023,SE,FT,291500,0,M,Data Engineer,US
2023,SE,FT,180000,0,M,Data Engineer,US
2023,EX,FT,196200,0,M,Data Engineer,US
2023,EX,FT,150900,0,M,Data Engineer,US
2023,SE,FT,168400,0,M,Data Scientist,US
2023,SE,FT,105200,0,M,Data Scientist,US
2023,MI,FT,95000,100,M,Data Engineer,ES
2023,MI,FT,80000,100,M,Data Engineer,ES
2023,MI,FT,116000,0,M,Data Analyst,US
2023,MI,FT,72000,0,M,Data Analyst,US
2023,SE,FT,207000,0,M,Data Engineer,US
2023,SE,FT,167000,0,M,Data Engineer,US
2023,SE,FT,145000,0,M,ML/AI Engineer,US
2023,SE,FT,135000,0,M,ML/AI Engineer,US
2023,MI,FT,105000,0,M,Data Engineer,US
2023,MI,FT,70000,0,M,Data Engineer,US
2023,SE,FT,180000,100,M,Data Engineer,US
2023,SE,FT,115000,100,M,Data Engineer,US
2023,SE,FT,133800,100,M,Data Engineer,US
2023,SE,FT,96100,100,M,Data Engineer,US
2023,MI,FT,120000,0,M,Data Analyst,US
2023,MI,FT,80000,0,M,Data Analyst,US
2023,SE,FT,140000,0,M,Data Engineer,US
2023,SE,FT,100000,0,M,Data Engineer,US
2023,SE,FT,150000,0,M,Data Scientist,US
2023,SE,FT,120000,0,M,Data Scientist,US
2023,SE,FT,140000,100,M,Data Engineer,US
2023,SE,FT,115000,100,M,Data Engineer,US
2023,SE,FT,297300,100,M,Management,US
2023,SE,FT,198200,100,M,Management,US
2023,SE,FT,297300,100,M,Data Scientist,US
2023,SE,FT,198200,100,M,Data Scientist,US
2023,SE,FT,202000,100,M,Data Engineer,US
2023,SE,FT,135000,100,M,Data Engineer,US
2023,SE,FT,110000,100,M,Data Scientist,US
2023,SE,FT,84000,100,M,Data Scientist,US
2023,MI,FT,219000,50,L,ML/AI Engineer,US
2023,SE,FT,230000,100,M,Data Scientist,US
2023,SE,FT,196000,100,M,Data Scientist,US
2023,SE,FT,140000,100,M,Data Engineer,US
2023,SE,FT,110000,100,M,Data Engineer,US
2023,MI,FT,150000,0,M,Data Analyst,US
2023,MI,FT,100000,0,M,Data Analyst,US
2023,SE,FT,160000,0,M,Data Engineer,US
2023,SE,FT,110000,0,M,Data Engineer,US
2023,SE,FT,185900,0,M,Data Scientist,US
2023,SE,FT,129300,0,M,Data Scientist,US
2023,SE,FT,126100,0,L,Data Scientist,US
2023,SE,FT,72000,0,L,Data Scientist,US
2023,SE,FT,170000,100,M,Data Engineer,US
2023,SE,FT,150000,100,M,Data Engineer,US
2023,MI,FT,175000,100,M,ML/AI Engineer,US
2023,MI,FT,140000,100,M,ML/AI Engineer,US
2023,SE,FT,240500,0,M,Data Analyst,US
2023,SE,FT,137500,0,M,Data Analyst,US
2023,MI,FT,187500,0,M,Data Scientist,US
2023,MI,FT,165000,0,M,Data Scientist,US
2023,MI,FT,72914,0,L,ML/AI Engineer,GB
2022,EN,PT,25216,100,L,Data Analyst,US
2023,SE,FT,210000,0,M,Data Scientist,US
2023,SE,FT,165750,0,M,Data Scientist,US
2023,SE,FT,225000,100,M,ML/AI Engineer,US
2023,SE,FT,165750,100,M,ML/AI Engineer,US
2023,MI,FT,109006,0,M,ML/AI Engineer,GB
2023,MI,FT,67141,0,M,ML/AI Engineer,GB
2023,SE,FT,135000,100,M,Data Scientist,US
2023,SE,FT,115000,100,M,Data Scientist,US
2023,SE,FT,275000,0,M,ML/AI Engineer,US
2023,SE,FT,175000,0,M,ML/AI Engineer,US
2023,SE,FT,170000,100,M,Data Scientist,US
2023,SE,FT,140000,100,M,Data Scientist,US
2023,SE,FT,175308,0,M,Data Engineer,US
2023,SE,FT,100706,0,M,Data Engineer,US
2023,SE,FT,235000,0,M,ML/AI Engineer,US
2023,SE,FT,135000,0,M,ML/AI Engineer,US
2023,SE,FT,310000,0,M,Data Engineer,US
2023,SE,FT,229000,0,M,Data Engineer,US
2023,SE,FT,289076,0,M,ML/AI Engineer,US
2023,SE,FT,202353,0,M,ML/AI Engineer,US
2023,SE,FT,69751,0,M,Data Engineer,Other
2023,SE,FT,37558,0,M,Data Engineer,Other
2023,MI,FT,120000,100,M,Data Engineer,US
2023,MI,FT,100000,100,M,Data Engineer,US
2023,SE,FT,226700,0,M,Data Engineer,US
2023,SE,FT,133300,0,M,Data Engineer,US
2023,SE,FT,125000,0,M,Data Analyst,US
2023,SE,FT,85000,0,M,Data Analyst,US
2023,SE,FT,130000,100,M,Data Analyst,US
2023,SE,FT,80000,100,M,Data Analyst,US
2023,MI,FT,120000,0,M,Data Engineer,US
2023,MI,FT,100000,0,M,Data Engineer,US
2021,SE,FT,54094,100,L,Data Scientist,IN
2022,MI,FT,18314,50,L,Data Analyst,IN
2023,SE,FT,231250,100,M,Data Engineer,US
2023,SE,FT,138750,100,M,Data Engineer,US
2023,SE,FT,199000,0,M,Data Engineer,US
2023,SE,FT,162000,0,M,Data Engineer,US
2023,EN,FT,160000,0,M,Data Engineer,US
2023,EN,FT,135000,0,M,Data Engineer,US
2022,EN,FT,100000,100,M,Data Scientist,US
2023,SE,FT,200000,0,M,Data Scientist,US
2023,SE,FT,150000,0,M,Data Scientist,US
2023,EN,FT,160000,0,M,Data Engineer,US
2023,EN,FT,120000,0,M,Data Engineer,US
2023,SE,FT,250000,0,M,Data Scientist,US
2023,SE,FT,200000,0,M,Data Scientist,US
2023,EN,FT,150000,0,M,ML/AI Engineer,US
2023,EN,FT,120000,0,M,ML/AI Engineer,US
2023,SE,FT,150000,0,M,Data Engineer,US
2023,SE,FT,100000,0,M,Data Engineer,US
2022,SE,FT,133000,0,L,Management,Other
2023,SE,FT,272550,0,M,Data Scientist,US
2023,SE,FT,198200,0,M,Data Scientist,US
2023,SE,FT,182000,0,M,Data Scientist,US
2023,SE,FT,140000,0,M,Data Scientist,US
2023,SE,FT,200000,0,M,Data Engineer,US
2023,SE,FT,160000,0,M,Data Engineer,US
2023,SE,FT,204500,0,M,ML/AI Engineer,US
2023,SE,FT,142200,0,M,ML/AI Engineer,US
2023,MI,FT,120000,0,M,Data Scientist,US
2023,MI,FT,105000,0,M,Data Scientist,US
2023,SE,FT,187500,100,M,Data Engineer,US
2023,SE,FT,175000,100,M,Data Engineer,US
2023,SE,FT,204500,0,M,ML/AI Engineer,US
2023,SE,FT,142200,0,M,ML/AI Engineer,US
2023,SE,FT,155000,100,M,Data Analyst,US
2023,SE,FT,64000,100,M,Data Analyst,US
2023,SE,FT,235000,0,M,ML/AI Engineer,US
2023,SE,FT,185000,0,M,ML/AI Engineer,US
2023,SE,FT,174500,0,M,Data Engineer,US
2023,SE,FT,113000,0,M,Data Engineer,US
2023,SE,FT,143100,0,M,Data Scientist,CA
2023,SE,FT,113000,0,M,Data Scientist,CA
2023,SE,FT,184000,100,M,Data Scientist,US
2023,SE,FT,142000,100,M,Data Scientist,US
2023,SE,FT,140000,0,M,Data Scientist,US
2023,SE,FT,120000,0,M,Data Scientist,US
2023,SE,FT,174500,0,M,Data Engineer,US
2023,SE,FT,113000,0,M,Data Engineer,US
2023,SE,FT,180560,0,M,Data Scientist,US
2023,SE,FT,115440,0,M,Data Scientist,US
2023,SE,FT,140000,0,M,Data Scientist,US
2023,SE,FT,120000,0,M,Data Scientist,US
2023,SE,FT,248100,0,M,Data Scientist,US
2023,SE,FT,145900,0,M,Data Scientist,US
2023,SE,FT,120000,0,M,Data Scientist,CA
2023,SE,FT,110000,0,M,Data Scientist,CA
2023,SE,FT,291500,0,M,Data Engineer,US
2023,SE,FT,180000,0,M,Data Engineer,US
2023,MI,FT,75344,100,M,ML/AI Engineer,GB
2023,MI,FT,63192,100,M,ML/AI Engineer,GB
2023,SE,FT,161800,0,M,Data Engineer,US
2023,SE,FT,141600,0,M,Data Engineer,US
2023,MI,FT,58331,100,M,ML/AI Engineer,GB
2023,MI,FT,46178,100,M,ML/AI Engineer,GB
2023,SE,FT,166000,100,M,Data Engineer,US
2023,SE,FT,128000,100,M,Data Engineer,US
2023,SE,FT,170000,100,M,Data Engineer,US
2023,SE,FT,110000,100,M,Data Engineer,US
2023,SE,FT,160000,100,M,Data Engineer,US
2023,SE,FT,75000,100,M,Data Engineer,US
2023,SE,FT,236000,100,M,Data Engineer,US
2023,SE,FT,182000,100,M,Data Engineer,US
2022,MI,FT,14307,100,L,Data Analyst,IN
2022,EN,FT,130000,0,M,Data Scientist,US
2023,MI,FT,150000,0,M,Data Analyst,US
2023,MI,FT,100000,0,M,Data Analyst,US
2023,SE,FT,261500,0,L,ML/AI Engineer,US
2023,SE,FT,134500,0,L,ML/AI Engineer,US
2022,MI,FT,13989,100,L,Data Scientist,IN
2023,MI,FT,130000,0,M,Data Scientist,US
2023,MI,FT,90000,0,M,Data Scientist,US
2023,EN,FT,160000,0,M,Data Engineer,US
2023,EN,FT,135000,0,M,Data Engineer,US
2022,SE,FT,125000,100,L,Management,US
2022,SE,FT,175000,0,M,Data Engineer,US
2022,SE,FT,155000,0,M,Data Engineer,US
2022,SE,FT,153600,0,M,Data Engineer,US
2022,SE,FT,106800,0,M,Data Engineer,US
2022,SE,FT,150000,0,M,Data Scientist,US
2022,SE,FT,140000,0,M,Data Scientist,US
2022,SE,FT,122000,0,M,Other,US
2022,SE,FT,94500,0,M,Other,US
2022,SE,FT,170000,0,M,Data Engineer,US
2022,SE,FT,130000,0,M,Data Engineer,US
2022,SE,FT,145000,0,M,Other,US
2022,SE,FT,128000,0,M,Other,US
2022,SE,FT,145000,0,M,Data Engineer,US
2022,SE,FT,100000,0,M,Data Engineer,US
2022,SE,FT,175000,0,M,Data Engineer,US
2022,SE,FT,120000,0,M,Data Engineer,US
2022,SE,FT,145000,0,M,Data Engineer,US
2022,SE,FT,115000,0,M,Data Engineer,US
2022,SE,FT,150000,100,M,ML/AI Engineer,US
2022,MI,FT,150000,0,M,Data Analyst,US
2022,MI,FT,100000,0,M,Data Analyst,US
2022,MI,FT,150000,100,M,Data Scientist,US
2022,MI,FT,127500,100,M,Data Scientist,US
2022,SE,FT,126500,100,M,Data Scientist,US
2022,SE,FT,51000,100,M,Data Scientist,US
2022,MI,FT,260000,0,M,Data Engineer,US
2022,MI,FT,175000,0,M,Data Engineer,US
2022,EN,FT,40000,100,M,Data Scientist,Other
2022,EN,FT,40000,100,M,ML/AI Engineer,Other
2022,SE,FT,250000,100,M,Data Engineer,US
2022,SE,FT,63000,100,M,Data Engineer,US
2022,SE,FT,210000,100,M,ML/AI Engineer,US
2022,SE,FT,160000,100,M,ML/AI Engineer,US
2022,SE,FT,272550,100,M,Data Scientist,US
2022,SE,FT,198200,100,M,Data Scientist,US
2022,MI,FT,94560,100,M,Data Scientist,Other
2022,MI,FT,52533,100,M,Data Scientist,Other
2022,SE,FT,220000,0,M,Data Scientist,US
2022,SE,FT,146000,0,M,Data Scientist,US
2022,MI,FT,150000,0,M,Data Analyst,US
2022,MI,FT,100000,0,M,Data Analyst,US
2022,SE,FT,248400,100,M,ML/AI Engineer,CA
2022,SE,FT,183600,100,M,ML/AI Engineer,CA
2022,MI,FT,150000,100,M,Data Engineer,US
2022,MI,FT,150000,100,M,Data Engineer,US
2022,EN,FT,40000,100,M,ML/AI Engineer,Other
2022,SE,FT,56723,0,L,Management,IN
2022,MI,FT,120000,0,M,Data Engineer,US
2022,MI,FT,95000,0,M,Data Engineer,US
2022,EN,FT,160000,0,M,Data Engineer,US
2022,EN,FT,135000,0,M,Data Engineer,US
2022,EN,FT,24165,50,M,Other,Other
2022,SE,FT,216000,100,M,Data Engineer,US
2022,SE,FT,144000,100,M,Data Engineer,US
2022,EN,FT,85000,0,M,Data Engineer,US
2022,EN,FT,65000,0,M,Data Engineer,US
2022,SE,FT,149000,100,M,Data Analyst,US
2022,SE,FT,119000,100,M,Data Analyst,US
2022,SE,FT,140000,0,M,Data Scientist,US
2022,SE,FT,120000,0,M,Data Scientist,US
2022,MI,FT,150000,0,M,Data Scientist,US
2022,MI,FT,110000,0,M,Data Scientist,US
2022,SE,FT,246000,100,M,ML/AI Engineer,US
2022,SE,FT,201000,100,M,ML/AI Engineer,US
2022,SE,FT,190000,0,M,Data Scientist,US
2022,SE,FT,155000,0,M,Data Scientist,US
2022,SE,FT,235000,100,M,ML/AI Engineer,US
2022,SE,FT,185000,100,M,ML/AI Engineer,US
2022,SE,FT,190000,100,M,Data Engineer,US
2022,SE,FT,160000,100,M,Data Engineer,US
2022,EN,FT,100000,100,M,Data Analyst,US
2022,MI,FT,130000,0,M,Data Engineer,US
2022,MI,FT,115000,0,M,Data Engineer,US
2022,MI,FT,92350,0,M,Data Scientist,GB
2022,MI,FT,67723,0,M,Data Scientist,GB
2022,MI,FT,105000,0,M,Data Engineer,US
2022,MI,FT,70000,0,M,Data Engineer,US
2022,SE,FT,204500,0,M,ML/AI Engineer,US
2022,SE,FT,142200,0,M,ML/AI Engineer,US
2022,SE,FT,192000,100,M,ML/AI Engineer,US
2022,SE,FT,164000,100,M,ML/AI Engineer,US
2022,SE,FT,185900,0,M,Data Engineer,US
2022,SE,FT,129300,0,M,Data Engineer,US
2022,SE,FT,130000,0,M,Data Engineer,US
2022,SE,FT,75000,0,M,Data Engineer,US
2022,SE,FT,175000,0,M,Management,US
2022,SE,FT,120000,0,M,Management,US
2022,SE,FT,167500,0,M,Data Engineer,US
2022,SE,FT,106500,0,M,Data Engineer,US
2022,MI,FT,75000,100,M,Data Analyst,US
2022,MI,FT,60000,100,M,Data Analyst,US
2022,SE,FT,184000,100,M,Data Scientist,US
2022,SE,FT,142000,100,M,Data Scientist,US
2022,MI,FT,145000,0,M,Data Scientist,US
2022,MI,FT,100000,0,M,Data Scientist,US
2022,EN,FT,10000,50,S,ML/AI Engineer,Other
2022,MI,FT,31795,100,M,Data Scientist,US
2022,MI,FT,44365,100,S,ML/AI Engineer,Other
2022,SE,FT,175000,0,M,Data Engineer,US
2022,SE,FT,120000,0,M,Data Engineer,US
2022,SE,FT,175000,0,M,Data Engineer,US
2022,SE,FT,120000,0,M,Data Engineer,US
2022,EX,FT,200000,0,M,Data Engineer,US
2022,EX,FT,145000,0,M,Data Engineer,US
2022,MI,FT,92350,100,M,Data Engineer,GB
2022,MI,FT,73880,100,M,Data Engineer,GB
2022,SE,FT,145000,0,M,Data Engineer,US
2022,SE,FT,100000,0,M,Data Engineer,US
2022,SE,FT,192000,100,M,Data Scientist,US
2022,SE,FT,164000,100,M,Data Scientist,US
2022,EX,FT,310000,100,M,Data Engineer,US
2022,EX,FT,239000,100,M,Data Engineer,US
2022,SE,FT,120000,0,M,Data Analyst,US
2022,SE,FT,95000,0,M,Data Analyst,US
2022,SE,FT,145000,0,M,ML/AI Engineer,US
2022,SE,FT,135000,0,M,ML/AI Engineer,US
2022,SE,FT,100000,0,M,Data Engineer,US
2022,SE,FT,78000,0,M,Data Engineer,US
2022,SE,FT,73546,0,M,Data Engineer,ES
2022,SE,FT,36773,0,M,Data Engineer,ES
2022,MI,FT,160000,100,M,Data Engineer,US
2022,MI,FT,120000,100,M,Data Engineer,US
2022,SE,FT,190000,0,M,Data Scientist,US
2022,SE,FT,150000,0,M,Data Scientist,US
2022,MI,FT,35610,50,L,Data Engineer,IN
2022,SE,FT,125000,100,L,ML/AI Engineer,Other
2022,SE,FT,120000,0,M,Data Engineer,US
2022,SE,FT,95000,0,M,Data Engineer,US
2022,MI,FT,150000,0,M,Data Analyst,US
2022,MI,FT,100000,0,M,Data Analyst,US
2022,SE,FT,47280,0,M,Data Scientist,ES
2022,SE,FT,37824,0,M,Data Scientist,ES
2022,SE,FT,115934,100,M,Data Analyst,US
2022,SE,FT,81666,100,M,Data Analyst,US
2022,SE,FT,175000,100,M,Data Scientist,US
2022,SE,FT,140000,100,M,Data Scientist,US
2022,SE,FT,120000,0,M,Data Engineer,US
2022,SE,FT,95000,0,M,Data Engineer,US
2022,SE,FT,249500,0,M,Data Engineer,US
2022,SE,FT,149850,0,M,Data Engineer,US
2022,MI,FT,122500,100,M,Data Engineer,US
2022,MI,FT,100000,100,M,Data Engineer,US
2022,SE,FT,249500,0,M,Data Scientist,US
2022,SE,FT,149850,0,M,Data Scientist,US
2022,EN,FT,55000,0,M,Data Analyst,US
2022,EN,FT,48000,0,M,Data Analyst,US
2022,SE,FT,249500,0,M,Data Scientist,US
2022,SE,FT,149850,0,M,Data Scientist,US
2022,MI,FT,58837,100,S,ML/AI Engineer,Other
2022,SE,FT,190000,100,M,Data Engineer,US
2022,SE,FT,120000,100,M,Data Engineer,US
2022,SE,FT,127000,100,M,Data Analyst,US
2022,SE,FT,104000,100,M,Data Analyst,US
2022,SE,FT,210000,100,M,Data Scientist,US
2022,SE,FT,150000,100,M,Data Scientist,US
2022,SE,FT,210000,100,M,ML/AI Engineer,US
2022,SE,FT,150000,100,M,ML/AI Engineer,US
2022,SE,FT,210000,100,M,Data Engineer,US
2022,SE,FT,130000,100,M,Data Engineer,US
2022,SE,FT,182750,100,M,Data Scientist,US
2022,SE,FT,161500,100,M,Data Scientist,US
2022,MI,FT,102640,100,M,Data Analyst,US
2022,MI,FT,66100,100,M,Data Analyst,US
2022,SE,FT,210000,100,M,Data Scientist,US
2022,SE,FT,150000,100,M,Data Scientist,US
2022,SE,FT,198800,0,M,Data Engineer,US
2022,SE,FT,122600,0,M,Data Engineer,US
2022,MI,FT,130000,100,M,Data Engineer,US
2022,MI,FT,80000,100,M,Data Engineer,US
2022,SE,FT,136000,100,M,Data Scientist,US
2022,SE,FT,104000,100,M,Data Scientist,US
2022,SE,FT,150000,100,M,Data Analyst,US
2022,SE,FT,100000,100,M,Data Analyst,US
2022,EN,FT,160000,0,M,Data Engineer,US
2022,EN,FT,135000,0,M,Data Engineer,US
2022,SE,FT,216000,100,M,Data Engineer,US
2022,SE,FT,144000,100,M,Data Engineer,US
2022,EX,FT,159000,100,M,Data Scientist,US
2022,EX,FT,130000,100,M,Data Scientist,US
2022,SE,FT,115934,100,M,Data Analyst,US
2022,SE,FT,81666,100,M,Data Analyst,US
2022,SE,FT,215000,100,M,Data Engineer,US
2022,SE,FT,150000,100,M,Data Engineer,US
2022,SE,FT,246000,100,M,ML/AI Engineer,US
2022,SE,FT,201000,100,M,ML/AI Engineer,US
2022,MI,FT,187000,100,M,Data Engineer,US
2022,MI,FT,153000,100,M,Data Engineer,US
2022,SE,FT,255000,100,M,ML/AI Engineer,Other
2022,SE,FT,185000,100,M,ML/AI Engineer,Other
2022,MI,FT,430967,0,M,Data Analyst,GB
2022,MI,FT,55410,0,M,Data Analyst,GB
2022,SE,FT,50432,0,M,Data Analyst,ES
2022,SE,FT,39925,0,M,Data Analyst,ES
2022,SE,FT,169000,0,M,Data Analyst,US
2022,SE,FT,110600,0,M,Data Analyst,US
2022,EN,FT,60938,0,L,Data Analyst,DE
2022,SE,FT,140000,100,M,Data Engineer,US
2022,SE,FT,120000,100,M,Data Engineer,US
2022,MI,FT,75000,100,M,Data Analyst,US
2022,MI,FT,60000,100,M,Data Analyst,US
2022,SE,FT,10000,50,S,ML/AI Engineer,Other
2022,EN,FT,50000,50,L,Data Analyst,US
2022,MI,FT,134000,100,M,Data Engineer,US
2022,MI,FT,124000,100,M,Data Engineer,US
2022,SE,FT,166700,0,M,Data Analyst,US
2022,SE,FT,119000,0,M,Data Analyst,US
2022,EN,FT,124234,0,M,Data Scientist,US
2022,EN,FT,74540,0,M,Data Scientist,US
2022,MI,FT,100000,100,M,Data Analyst,US
2022,MI,FT,65000,100,M,Data Analyst,US
2021,MI,FT,16904,50,L,Data Analyst,IN
2022,EN,FT,200000,50,L,ML/AI Engineer,CA
2022,EN,FT,12000,100,L,ML/AI Engineer,Other
2022,SE,FT,220000,100,M,Data Engineer,US
2022,SE,FT,146000,100,M,Data Engineer,US
2022,SE,FT,68293,0,M,Data Engineer,ES
2022,SE,FT,36773,0,M,Data Engineer,ES
2022,SE,FT,110000,0,M,Other,US
2022,SE,FT,70000,0,M,Other,US
2022,EN,FT,50000,50,L,Data Analyst,US
2022,SE,FT,120000,0,M,Data Engineer,US
2022,SE,FT,95000,0,M,Data Engineer,US
2022,MI,FT,150000,0,M,Data Analyst,US
2022,MI,FT,100000,0,M,Data Analyst,US
2022,SE,FT,47280,0,M,Data Scientist,ES
2022,SE,FT,37824,0,M,Data Scientist,ES
2022,SE,FT,190000,100,M,Data Engineer,US
2022,SE,FT,135000,100,M,Data Engineer,US
2022,SE,FT,128000,0,M,Data Scientist,US
2022,SE,FT,81500,0,M,Data Scientist,US
2022,SE,FT,173000,100,M,Data Scientist,US
2022,SE,FT,110000,100,M,Data Scientist,US
2022,SE,FT,192000,0,M,ML/AI Engineer,US
2022,SE,FT,120000,0,M,ML/AI Engineer,US
2022,SE,FT,115934,100,M,Data Analyst,US
2022,SE,FT,81666,100,M,Data Analyst,US
2022,SE,FT,120000,0,M,Data Analyst,US
2022,SE,FT,95000,0,M,Data Analyst,US
2022,SE,FT,190000,100,L,Management,US
2022,SE,FT,194000,100,M,Data Engineer,US
2022,SE,FT,129400,100,M,Data Engineer,US
2022,SE,FT,201000,100,M,Data Analyst,US
2022,SE,FT,89200,100,M,Data Analyst,US
2022,SE,FT,165000,0,M,Data Scientist,US
2022,SE,FT,125000,0,M,Data Scientist,US
2022,SE,FT,230000,100,M,Data Scientist,US
2022,SE,FT,196000,100,M,Data Scientist,US
2022,MI,FT,130000,0,M,ML/AI Engineer,US
2022,MI,FT,90000,0,M,ML/AI Engineer,US
2022,MI,FT,150000,100,M,ML/AI Engineer,US
2022,MI,FT,100000,100,M,ML/AI Engineer,US
2022,MI,FT,230000,0,M,ML/AI Engineer,US
2022,MI,FT,150000,0,M,ML/AI Engineer,US
2022,SE,FT,153600,0,M,Data Engineer,US
2022,SE,FT,106800,0,M,Data Engineer,US
2022,MI,FT,130000,100,M,ML/AI Engineer,US
2022,MI,FT,100000,100,M,ML/AI Engineer,US
2022,SE,FT,216000,100,M,Data Engineer,US
2022,SE,FT,144000,100,M,Data Engineer,US
2022,MI,FT,180000,0,M,Data Scientist,US
2022,MI,FT,120000,0,M,Data Scientist,US
2022,EN,FT,160000,0,M,Data Engineer,US
2022,EN,FT,135000,0,M,Data Engineer,US
2022,SE,FT,192500,100,M,Data Analyst,US
2022,SE,FT,140000,100,M,Data Analyst,US
2022,SE,FT,152500,0,M,Data Engineer,US
2022,SE,FT,130000,0,M,Data Engineer,US
2022,SE,FT,65000,100,M,Data Analyst,US
2022,SE,FT,55000,100,M,Data Analyst,US
2022,SE,FT,178750,0,M,Data Engineer,US
2022,SE,FT,160000,0,M,Data Engineer,US
2022,MI,FT,63040,100,M,Data Scientist,Other
2022,MI,FT,52533,100,M,Data Scientist,Other
2022,MI,FT,165000,0,M,ML/AI Engineer,US
2022,MI,FT,135000,0,M,ML/AI Engineer,US
2022,SE,FT,170000,100,M,Data Engineer,US
2022,SE,FT,125000,100,M,Data Engineer,US
2022,SE,FT,105000,0,M,Data Engineer,US
2022,SE,FT,70000,0,M,Data Engineer,US
2022,SE,FT,130000,0,M,Data Scientist,US
2022,SE,FT,95000,0,M,Data Scientist,US
2022,SE,FT,203500,0,M,Data Scientist,US
2022,SE,FT,152000,0,M,Data Scientist,US
2022,SE,FT,197430,100,M,Data Engineer,US
2022,SE,FT,134760,100,M,Data Engineer,US
2022,MI,FT,120000,100,M,Data Scientist,US
2022,SE,FT,197000,0,M,Data Engineer,US
2022,SE,FT,99000,0,M,Data Engineer,US
2022,SE,FT,220000,100,M,Data Engineer,US
2022,SE,FT,162000,100,M,Data Engineer,US
2022,MI,FT,110446,0,M,Data Engineer,Other
2022,MI,FT,79178,0,M,Data Engineer,Other
2022,MI,FT,70186,0,M,Other,GB
2022,MI,FT,51716,0,M,Other,GB
2022,SE,FT,149040,100,M,Data Engineer,US
2022,SE,FT,113900,100,M,Data Engineer,US
2020,MI,FT,95000,0,M,Data Analyst,US
2021,SE,FT,115000,100,S,Data Analyst,US
2022,SE,FT,171000,100,L,Data Analyst,Other
2022,EN,FT,13000,100,S,Data Engineer,Other
2022,SE,FT,100000,0,M,Data Engineer,US
2022,SE,FT,78000,0,M,Data Engineer,US
2022,SE,FT,120000,0,M,Data Engineer,US
2022,SE,FT,95000,0,M,Data Engineer,US
2022,SE,FT,110000,0,M,Other,US
2022,SE,FT,70000,0,M,Other,US
2022,EN,FL,50000,100,S,Data Analyst,US
2022,SE,FT,185900,0,M,Data Scientist,US
2022,SE,FT,129300,0,M,Data Scientist,US
2022,MI,FT,150000,0,M,Data Analyst,US
2022,MI,FT,100000,0,M,Data Analyst,US
2022,SE,FT,230000,100,M,Data Engineer,US
2022,SE,FT,154600,100,M,Data Engineer,US
2022,SE,FT,204500,0,M,ML/AI Engineer,US
2022,SE,FT,142200,0,M,ML/AI Engineer,US
2022,MI,FT,160000,100,M,Data Engineer,US
2022,MI,FT,75000,100,M,Data Engineer,US
2022,SE,FT,47280,0,M,Data Scientist,ES
2022,SE,FT,37824,0,M,Data Scientist,ES
2022,SE,FT,213000,0,M,Data Engineer,US
2022,SE,FT,152000,0,M,Data Engineer,US
2022,SE,FT,140000,100,M,Data Scientist,US
2022,SE,FT,120000,100,M,Data Scientist,US
2022,SE,FT,110000,0,M,Data Scientist,US
2022,SE,FT,70000,0,M,Data Scientist,US
2022,SE,FT,227200,100,M,ML/AI Engineer,CA
2022,SE,FT,168000,100,M,ML/AI Engineer,CA
2021,EN,FT,20000,0,M,ML/AI Engineer,Other
2022,MI,FT,64090,0,M,Data Scientist,DE
2022,MI,FT,60938,0,M,Data Scientist,DE
2022,SE,FT,243000,100,M,ML/AI Engineer,US
2022,SE,FT,183000,100,M,ML/AI Engineer,US
2022,SE,FT,175000,0,M,Data Engineer,US
2022,SE,FT,150000,0,M,Data Engineer,US
2022,MI,FT,130000,100,M,Data Scientist,US
2022,MI,FT,90000,100,M,Data Scientist,US
2022,MI,FT,165000,0,M,Data Analyst,US
2022,MI,FT,124000,0,M,Data Analyst,US
2022,SE,FT,178000,0,M,Data Engineer,CA
2022,SE,FT,132000,0,M,Data Engineer,CA
2022,SE,FT,300000,0,M,Data Engineer,US
2022,SE,FT,130000,0,M,Data Engineer,US
2022,SE,FT,169000,0,M,Data Analyst,US
2022,SE,FT,110600,0,M,Data Analyst,US
2022,SE,FT,116000,100,M,Data Analyst,US
2022,SE,FT,96000,100,M,Data Analyst,US
2022,SE,FT,92350,0,M,Data Analyst,GB
2022,SE,FT,70186,0,M,Data Analyst,GB
2022,SE,FT,105000,0,M,Data Analyst,US
2022,SE,FT,70000,0,M,Data Analyst,US
2022,MI,FT,105236,50,L,ML/AI Engineer,CA
2022,SE,FT,194000,100,M,Data Engineer,US
2022,SE,FT,129400,100,M,Data Engineer,US
2022,SE,FT,190000,100,M,Data Engineer,US
2022,SE,FT,135000,100,M,Data Engineer,US
2022,SE,FT,100000,0,M,Data Analyst,US
2022,SE,FT,70000,0,M,Data Analyst,US
2022,EN,FT,189750,0,M,ML/AI Engineer,US
2022,EN,FT,140250,0,M,ML/AI Engineer,US
2022,SE,FT,130000,0,M,Data Analyst,US
2022,SE,FT,100000,0,M,Data Analyst,US
2022,MI,FT,160000,0,M,Data Analyst,US
2022,MI,FT,109000,0,M,Data Analyst,US
2022,SE,FT,250000,0,M,Data Engineer,US
2022,SE,FT,150000,0,M,Data Engineer,US
2022,MI,FT,206000,0,M,Data Analyst,US
2022,MI,FT,160000,0,M,Data Analyst,US
2022,SE,FT,135000,0,M,Data Engineer,US
2022,SE,FT,120000,0,M,Data Engineer,US
2022,SE,FT,115573,100,M,ML/AI Engineer,Other
2022,SE,FT,73546,100,M,ML/AI Engineer,Other
2022,EN,FT,160000,0,M,Data Engineer,US
2022,EN,FT,135000,0,M,Data Engineer,US
2022,MI,FT,150000,0,M,Data Analyst,US
2022,MI,FT,100000,0,M,Data Analyst,US
2022,MI,FT,120000,0,M,Data Engineer,US
2022,MI,FT,95000,0,M,Data Engineer,US
2022,SE,FT,68293,0,M,Data Engineer,ES
2022,SE,FT,42026,0,M,Data Engineer,ES
2022,SE,FT,191200,0,M,Data Engineer,US
2022,SE,FT,130000,0,M,Data Engineer,US
2022,SE,FT,191200,0,M,Data Engineer,US
2022,SE,FT,130000,0,M,Data Engineer,US
2022,EN,FT,66192,50,L,ML/AI Engineer,DE
2022,EN,FT,50000,100,S,ML/AI Engineer,Other
2022,SE,FT,230000,0,L,Data Engineer,US
2022,SE,FT,154600,0,L,Data Engineer,US
2022,SE,FT,120000,0,M,Data Engineer,US
2022,SE,FT,95000,0,M,Data Engineer,US
2022,SE,FT,140000,0,M,Data Scientist,US
2022,SE,FT,120000,0,M,Data Scientist,US
2022,SE,FT,169000,0,M,Data Analyst,US
2022,SE,FT,110600,0,M,Data Analyst,US
2022,MI,FT,80000,100,L,Data Analyst,US
2022,SE,FT,185900,0,M,Data Engineer,US
2022,SE,FT,129300,0,M,Data Engineer,US
2022,SE,FT,135000,0,M,Data Engineer,US
2022,SE,FT,110000,0,M,Data Engineer,US
2022,MI,FT,155000,0,M,Management,US
2022,MI,FT,140000,0,M,Management,US
2022,SE,FT,205000,100,M,Data Engineer,US
2022,SE,FT,150000,100,M,Data Engineer,US
2022,SE,FT,179500,0,M,Data Engineer,US
2022,SE,FT,134000,0,M,Data Engineer,US
2022,MI,FT,180000,0,M,Data Scientist,US
2022,MI,FT,120000,0,M,Data Scientist,US
2022,SE,FT,185900,0,M,Data Scientist,US
2022,SE,FT,129300,0,M,Data Scientist,US
2022,SE,FT,175000,100,M,Data Scientist,US
2022,SE,FT,145000,100,M,Data Scientist,US
2022,SE,FT,235000,100,M,Data Engineer,US
2022,SE,FT,175000,100,M,Data Engineer,US
2022,EN,FT,27317,50,L,Other,ES
2022,MI,FT,160000,100,M,Data Engineer,US
2022,MI,FT,90000,100,M,Data Engineer,US
2022,SE,FT,68293,0,M,Data Engineer,ES
2022,SE,FT,36773,0,M,Data Engineer,ES
2022,SE,FT,145000,0,M,Data Engineer,US
2022,SE,FT,115000,0,M,Data Engineer,US
2022,MI,FT,165000,0,M,Other,US
2022,MI,FT,135000,0,M,Other,US
2022,SE,FT,168400,0,M,Data Engineer,US
2022,SE,FT,105200,0,M,Data Engineer,US
2022,MI,FT,86193,100,M,ML/AI Engineer,GB
2022,MI,FT,49253,100,M,ML/AI Engineer,GB
2022,SE,FT,200000,0,M,Data Engineer,US
2022,SE,FT,160000,0,M,Data Engineer,US
2022,SE,FT,47280,0,M,Data Scientist,ES
2022,SE,FT,37824,0,M,Data Scientist,ES
2022,SE,FT,198800,0,M,Data Scientist,US
2022,SE,FT,122600,0,M,Data Scientist,US
2022,EN,FL,100000,100,M,ML/AI Engineer,Other
2022,MI,FT,105066,50,M,Data Analyst,Other
2022,SE,FT,130000,0,M,Data Analyst,US
2022,SE,FT,100000,0,M,Data Analyst,US
2022,MI,FT,104663,0,M,Data Engineer,GB
2022,MI,FT,73880,0,M,Data Engineer,GB
2022,SE,FT,125000,100,M,Data Engineer,US
2022,SE,FT,110000,100,M,Data Engineer,US
2022,MI,FT,165000,0,M,Data Analyst,US
2022,MI,FT,124000,0,M,Data Analyst,US
2022,SE,FT,148000,100,M,Data Scientist,US
2022,SE,FT,107000,100,M,Data Scientist,US
2022,MI,FT,150000,0,M,Data Analyst,US
2022,MI,FT,100000,0,M,Data Analyst,US
2022,EN,FT,160000,0,M,Data Engineer,US
2022,EN,FT,135000,0,M,Data Engineer,US
2022,MI,FT,120000,0,M,Data Engineer,US
2022,MI,FT,95000,0,M,Data Engineer,US
2022,SE,FT,153600,0,M,Data Engineer,US
2022,SE,FT,106800,0,M,Data Engineer,US
2022,MI,FT,100000,0,M,Data Analyst,CA
2022,MI,FT,65000,0,M,Data Analyst,CA
2022,MI,FT,120000,0,M,Data Engineer,US
2022,MI,FT,95000,0,M,Data Engineer,US
2022,SE,FT,63040,0,M,Data Engineer,Other
2022,SE,FT,36773,0,M,Data Engineer,Other
2022,EX,FT,310000,100,M,Data Engineer,US
2022,EX,FT,239000,100,M,Data Engineer,US
2022,SE,FT,299500,0,M,Management,US
2022,SE,FT,245100,0,M,Management,US
2022,SE,FT,168000,100,M,Data Scientist,US
2022,SE,FT,130000,100,M,Data Scientist,US
2022,SE,FT,136000,100,M,Data Scientist,US
2022,SE,FT,104000,100,M,Data Scientist,US
2022,MI,FT,161000,100,M,Data Engineer,US
2022,MI,FT,118000,100,M,Data Engineer,US
2022,SE,FT,205000,100,M,Data Scientist,US
2022,SE,FT,184000,100,M,Data Scientist,US
2022,SE,FT,185900,0,M,Data Scientist,US
2022,SE,FT,129300,0,M,Data Scientist,US
2022,SE,FT,247500,0,M,Management,US
2022,SE,FT,172200,0,M,Management,US
2022,SE,FT,68293,0,L,Other,Other
2022,SE,FT,177000,0,M,Data Analyst,US
2022,SE,FT,131000,0,M,Data Analyst,US
2022,SE,FT,205000,100,M,Data Scientist,US
2022,SE,FT,184000,100,M,Data Scientist,US
2022,SE,FT,146000,0,M,Data Engineer,US
2022,SE,FT,102000,0,M,Data Engineer,US
2022,SE,FT,169000,0,M,Data Analyst,US
2022,SE,FT,110600,0,M,Data Analyst,US
2022,SE,FT,230000,100,M,Data Scientist,US
2022,SE,FT,196000,100,M,Data Scientist,US
2022,SE,FT,135000,0,M,Data Engineer,US
2022,SE,FT,100000,0,M,Data Engineer,US
2022,MI,FT,80000,0,M,Data Engineer,US
2022,MI,FT,65000,0,M,Data Engineer,US
2022,SE,FT,135000,0,M,Data Engineer,US
2022,SE,FT,100000,0,M,Data Engineer,US
2022,SE,FT,61566,100,M,Data Engineer,GB
2022,SE,FT,43096,100,M,Data Engineer,GB
2022,MI,FT,175000,100,M,Data Engineer,US
2022,MI,FT,135000,100,M,Data Engineer,US
2022,EN,FT,80000,0,M,Data Scientist,US
2022,SE,FT,231250,100,M,Data Engineer,US
2022,SE,FT,138750,100,M,Data Engineer,US
2022,SE,FT,193750,100,M,Data Engineer,US
2022,SE,FT,116250,100,M,Data Engineer,US
2022,SE,FT,231250,100,M,Data Engineer,US
2022,SE,FT,138750,100,M,Data Engineer,US
2022,SE,FT,231250,100,M,Data Engineer,US
2022,SE,FT,138750,100,M,Data Engineer,US
2022,SE,FT,231250,100,M,Data Engineer,US
2022,SE,FT,138750,100,M,Data Engineer,US
2022,SE,FT,193750,100,M,Data Engineer,US
2022,SE,FT,116250,100,M,Data Engineer,US
2022,SE,FT,208000,100,M,Data Scientist,US
2022,SE,FT,127000,100,M,Data Scientist,US
2022,SE,FT,300000,100,M,Data Scientist,US
2022,SE,FT,196000,100,M,Data Scientist,US
2022,SE,FT,204500,0,M,ML/AI Engineer,US
2022,SE,FT,142200,0,M,ML/AI Engineer,US
2021,MI,FL,45555,50,M,Other,Other
2022,SE,FT,185900,0,M,Data Engineer,US
2022,SE,FT,129300,0,M,Data Engineer,US
2022,SE,FT,47280,0,M,Data Scientist,ES
2022,SE,FT,37824,0,M,Data Scientist,ES
2022,SE,FT,204500,0,M,ML/AI Engineer,US
2022,SE,FT,142200,0,M,ML/AI Engineer,US
2022,SE,FT,205000,100,M,Data Scientist,US
2022,SE,FT,185000,100,M,Data Scientist,US
2022,SE,FT,185900,0,M,Data Scientist,US
2022,SE,FT,129300,0,M,Data Scientist,US
2022,SE,FT,247500,0,M,ML/AI Engineer,US
2022,SE,FT,172200,0,M,ML/AI Engineer,US
2022,EN,FT,160000,0,M,Data Engineer,US
2022,EN,FT,135000,0,M,Data Engineer,US
2022,MI,FT,150000,0,M,Data Analyst,US
2022,MI,FT,100000,0,M,Data Analyst,US
2022,SE,FT,110000,0,M,Data Analyst,US
2022,SE,FT,95000,0,M,Data Analyst,US
2022,SE,FT,185900,0,M,Data Scientist,US
2022,SE,FT,129300,0,M,Data Scientist,US
2022,SE,FT,205000,100,M,Data Scientist,US
2022,SE,FT,184000,100,M,Data Scientist,US
2022,EN,FT,17684,100,M,Data Scientist,Other
2022,SE,FT,375000,50,L,Management,US
2022,SE,FT,191200,0,M,Data Engineer,US
2022,SE,FT,130000,0,M,Data Engineer,US
2022,SE,FT,225000,0,M,Data Scientist,US
2022,SE,FT,156400,0,M,Data Scientist,US
2022,SE,FT,169000,0,M,Data Analyst,US
2022,SE,FT,110600,0,M,Data Analyst,US
2022,SE,FT,204500,0,M,ML/AI Engineer,US
2022,SE,FT,142200,0,M,ML/AI Engineer,US
2022,MI,FT,104663,0,M,ML/AI Engineer,GB
2022,MI,FT,80036,0,M,ML/AI Engineer,GB
2022,SE,FT,185900,0,M,Data Scientist,US
2022,SE,FT,129300,0,M,Data Scientist,US
2022,SE,FT,140700,0,M,Data Scientist,US
2022,SE,FT,93800,0,M,Data Scientist,US
2022,SE,FT,350000,100,M,Data Scientist,US
2022,SE,FT,135000,100,M,Data Scientist,US
2022,SE,FT,115934,100,M,Data Analyst,US
2022,SE,FT,81666,100,M,Data Analyst,US
2022,EN,PT,12000,100,L,Data Analyst,US
2022,MI,FT,104697,100,L,ML/AI Engineer,Other
2022,EN,FT,33000,100,S,ML/AI Engineer,DE
2022,EN,FT,34672,100,S,ML/AI Engineer,DE
2022,SE,FT,201000,0,M,ML/AI Engineer,US
2022,SE,FT,119000,0,M,ML/AI Engineer,US
2022,SE,FT,175000,100,M,Data Engineer,US
2022,SE,FT,150000,100,M,Data Engineer,US
2022,SE,FT,154560,0,M,Data Analyst,US
2022,SE,FT,123648,0,M,Data Analyst,US
2022,SE,FT,130000,0,M,Data Analyst,US
2022,SE,FT,100000,0,M,Data Analyst,US
2022,MI,FT,170000,0,M,Data Engineer,US
2022,MI,FT,145000,0,M,Data Engineer,US
2022,SE,FT,135000,100,M,Data Engineer,US
2022,SE,FT,100000,100,M,Data Engineer,US
2022,SE,FT,247500,0,M,Data Scientist,US
2022,SE,FT,172200,0,M,Data Scientist,US
2022,SE,FT,177500,100,M,Data Scientist,US
2022,SE,FT,134000,100,M,Data Scientist,US
2022,SE,FT,185900,0,M,Data Scientist,US
2022,SE,FT,129300,0,M,Data Scientist,US
2022,SE,FT,192564,100,M,Data Engineer,US
2022,SE,FT,144854,100,M,Data Engineer,US
2022,SE,FT,130000,0,M,Data Analyst,US
2022,SE,FT,105000,0,M,Data Analyst,US
2022,SE,FT,179305,100,M,Data Engineer,US
2022,SE,FT,142127,100,M,Data Engineer,US
2022,SE,FT,315000,100,M,Data Engineer,US
2022,SE,FT,225000,100,M,Data Engineer,US
2022,SE,FT,243900,100,M,Data Scientist,US
2022,SE,FT,156600,100,M,Data Scientist,US
2022,MI,FT,206000,0,M,Data Analyst,US
2022,MI,FT,160000,0,M,Data Analyst,US
2022,MI,FT,109000,0,M,Data Analyst,US
2022,MI,FT,79000,0,M,Data Analyst,US
2022,MI,FT,160000,0,M,Data Analyst,US
2022,MI,FT,109000,0,M,Data Analyst,US
2022,MI,FT,89306,50,L,Management,Other
2022,SE,FT,182500,100,M,Data Engineer,US
2022,SE,FT,128500,100,M,Data Engineer,US
2022,MI,FT,160000,100,M,Data Engineer,US
2022,MI,FT,90000,100,M,Data Engineer,US
2022,EN,FT,77300,100,M,Management,US
2022,EN,FT,45600,100,M,Management,US
2022,SE,FT,127000,100,M,Data Analyst,US
2022,SE,FT,110000,100,M,Data Analyst,US
2022,SE,FT,210000,100,M,Data Engineer,US
2022,SE,FT,136000,100,M,Data Engineer,US
2022,SE,FT,12608,100,S,Data Engineer,Other
2022,SE,FT,170000,100,M,Data Engineer,US
2022,SE,FT,140000,100,M,Data Engineer,US
2022,SE,FT,247500,0,M,Data Engineer,US
2022,SE,FT,172200,0,M,Data Engineer,US
2022,SE,FT,225000,0,M,Data Engineer,US
2022,SE,FT,184100,0,M,Data Engineer,US
2022,MI,FT,130000,0,M,ML/AI Engineer,US
2022,MI,FT,90000,0,M,ML/AI Engineer,US
2022,MI,FT,120000,100,M,Data Scientist,US
2022,MI,FT,100000,100,M,Data Scientist,US
2022,MI,FT,85000,100,M,Data Scientist,US
2022,MI,FT,78000,100,M,Data Scientist,US
2022,SE,FT,161000,100,M,Data Engineer,US
2022,SE,FT,110000,100,M,Data Engineer,US
2022,SE,FT,136000,100,M,Data Scientist,US
2022,SE,FT,104000,100,M,Data Scientist,US
2022,SE,FT,47280,0,M,Data Scientist,ES
2022,SE,FT,37824,0,M,Data Scientist,ES
2022,EX,FT,205000,0,M,Management,US
2022,EX,FT,160000,0,M,Management,US
2022,SE,FT,169000,0,M,Data Analyst,US
2022,SE,FT,110600,0,M,Data Analyst,US
2022,EN,FT,61566,100,M,Data Engineer,GB
2022,EN,FT,49253,100,M,Data Engineer,GB
2022,SE,FT,160000,0,M,Data Engineer,US
2022,SE,FT,130000,0,M,Data Engineer,US
2022,SE,FT,245000,0,M,Data Scientist,US
2022,SE,FT,180000,0,M,Data Scientist,US
2022,SE,FT,135000,0,M,Data Engineer,US
2022,SE,FT,100000,0,M,Data Engineer,US
2022,SE,FT,220000,0,M,Data Engineer,US
2022,SE,FT,150000,0,M,Data Engineer,US
2022,SE,FT,198440,0,L,Data Scientist,US
2022,SE,FT,144000,0,L,Data Scientist,US
2022,SE,FT,240000,0,M,Data Engineer,US
2022,SE,FT,170000,0,M,Data Engineer,US
2022,SE,FT,198440,0,M,Data Scientist,US
2022,SE,FT,144000,0,M,Data Scientist,US
2022,MI,FT,150000,100,M,Data Analyst,US
2022,MI,FT,100000,100,M,Data Analyst,US
2022,SE,FT,120000,0,M,Data Analyst,US
2022,SE,FT,95000,0,M,Data Analyst,US
2022,MI,FT,57872,50,M,Data Scientist,GB
2022,EN,FT,64000,100,L,Data Analyst,US
2022,EN,FT,39925,50,L,Data Scientist,Other
2022,SE,FT,187200,100,M,ML/AI Engineer,CA
2022,SE,FT,116100,100,M,ML/AI Engineer,CA
2022,SE,FT,150000,0,M,Data Analyst,US
2022,SE,FT,127000,0,M,Data Analyst,US
2022,SE,FT,275000,100,M,Data Engineer,US
2022,SE,FT,166000,100,M,Data Engineer,US
2022,SE,FT,159699,0,M,Data Scientist,US
2022,SE,FT,138938,0,M,Data Scientist,US
2022,EN,FT,76000,50,L,Data Analyst,US
2022,SE,FT,166700,0,M,Data Analyst,US
2022,SE,FT,119000,0,M,Data Analyst,US
2022,SE,FT,130000,0,M,Data Analyst,US
2022,SE,FT,100000,0,M,Data Analyst,US
2022,SE,FT,103432,0,M,Data Engineer,GB
2022,SE,FT,92350,0,M,Data Engineer,GB
2022,SE,FT,80000,0,M,Data Analyst,US
2022,SE,FT,52500,0,M,Data Analyst,US
2022,SE,FT,236000,100,M,Data Engineer,US
2022,SE,FT,182000,100,M,Data Engineer,US
2022,SE,FT,180000,100,M,Data Scientist,US
2022,SE,FT,140000,100,M,Data Scientist,US
2022,SE,FT,225000,0,M,Data Scientist,US
2022,SE,FT,156400,0,M,Data Scientist,US
2022,SE,FT,135000,100,M,Data Analyst,US
2022,SE,FT,100000,100,M,Data Analyst,US
2022,SE,FT,204500,0,M,ML/AI Engineer,US
2022,SE,FT,142200,0,M,ML/AI Engineer,US
2022,MI,FT,240000,100,M,Data Engineer,US
2022,EN,PT,125404,50,S,Data Analyst,US
2022,SE,FT,300000,0,M,Data Engineer,US
2022,SE,FT,130000,0,M,Data Engineer,US
2022,SE,FT,195000,100,M,Data Engineer,US
2022,SE,FT,175000,100,M,Data Engineer,US
2022,SE,FT,155000,0,M,Data Engineer,US
2022,SE,FT,110000,0,M,Data Engineer,US
2022,SE,FT,123000,0,M,Data Analyst,US
2022,SE,FT,92250,0,M,Data Analyst,US
2022,SE,FT,170000,0,M,Data Engineer,US
2022,SE,FT,150000,0,M,Data Engineer,US
2022,MI,FT,180000,100,M,ML/AI Engineer,US
2022,MI,FT,100000,100,M,ML/AI Engineer,US
2022,SE,FT,97000,100,M,Data Engineer,US
2022,SE,FT,90000,100,M,Data Engineer,US
2022,SE,FT,200000,0,M,Data Engineer,US
2022,SE,FT,160000,0,M,Data Engineer,US
2022,SE,FT,210000,100,M,ML/AI Engineer,US
2022,SE,FT,180000,100,M,ML/AI Engineer,US
2022,SE,FT,260000,0,M,Data Engineer,US
2022,SE,FT,180000,0,M,Data Engineer,US
2022,EX,FT,210000,100,M,Data Engineer,US
2022,EX,FT,157000,100,M,Data Engineer,US
2022,EN,FT,180000,100,M,Data Scientist,US
2022,EN,FT,100000,100,M,Data Scientist,US
2022,MI,FT,80000,0,M,Data Analyst,US
2022,MI,FT,52500,0,M,Data Analyst,US
2022,SE,FT,128000,0,M,Data Engineer,US
2022,SE,FT,81500,0,M,Data Engineer,US
2022,SE,FT,105000,0,M,Data Engineer,US
2022,SE,FT,70000,0,M,Data Engineer,US
2022,SE,FT,175000,0,M,Data Scientist,US
2022,SE,FT,122500,0,M,Data Scientist,US
2022,SE,FT,171000,0,M,Data Engineer,US
2022,SE,FT,117000,0,M,Data Engineer,US
2022,SE,FT,202800,0,L,Data Scientist,US
2022,SE,FT,104300,0,L,Data Scientist,US
2022,SE,FT,50432,0,M,Data Analyst,ES
2022,SE,FT,36773,0,M,Data Analyst,ES
2022,SE,FT,197000,0,M,Data Engineer,US
2022,SE,FT,99000,0,M,Data Engineer,US
2022,SE,FT,160000,0,M,Data Engineer,US
2022,SE,FT,110000,0,M,Data Engineer,US
2022,SE,FT,185900,0,M,Data Scientist,US
2022,SE,FT,129300,0,M,Data Scientist,US
2022,MI,FT,30000,100,L,Data Scientist,Other
2022,MI,FT,78000,100,M,Data Engineer,Other
2022,MI,FT,48000,100,M,Data Engineer,Other
2022,SE,FT,170000,0,M,Data Engineer,US
2022,SE,FT,130000,0,M,Data Engineer,US
2022,SE,FT,150000,0,M,Data Analyst,US
2022,SE,FT,95000,0,M,Data Analyst,US
2022,MI,FT,78000,100,M,Data Engineer,Other
2022,MI,FT,42000,100,M,Data Engineer,Other
2022,SE,FT,345600,0,M,Data Engineer,US
2022,SE,FT,230400,0,M,Data Engineer,US
2022,SE,FT,145000,0,M,Data Engineer,US
2022,SE,FT,115000,0,M,Data Engineer,US
2022,MI,FT,78000,100,M,Data Analyst,Other
2022,MI,FT,48000,100,M,Data Analyst,Other
2022,SE,FT,175950,100,M,Data Analyst,US
2022,SE,FT,130050,100,M,Data Analyst,US
2022,SE,FT,205600,0,L,Data Engineer,US
2022,SE,FT,105700,0,L,Data Engineer,US
2022,SE,FT,236600,100,M,Data Analyst,US
2022,SE,FT,89200,100,M,Data Analyst,US
2022,MI,FT,84000,100,M,Data Scientist,Other
2022,MI,FT,54000,100,M,Data Scientist,Other
2022,EN,FT,80000,100,L,Data Scientist,US
2022,SE,FT,200000,100,S,Data Analyst,GB
2022,EN,FT,73742,100,L,Data Scientist,CA
2022,SE,FT,165000,50,S,Management,US
2022,EN,FT,33246,50,L,Data Scientist,GB
2022,SE,FT,185900,0,M,Data Engineer,US
2022,SE,FT,129300,0,M,Data Engineer,US
2022,SE,FT,169000,0,M,Data Analyst,US
2022,SE,FT,110600,0,M,Data Analyst,US
2021,EN,FT,5409,50,L,Data Engineer,IN
2021,MI,FT,75050,50,L,Data Engineer,Other
2022,SE,FT,225000,0,M,Data Engineer,US
2022,SE,FT,184100,0,M,Data Engineer,US
2022,SE,FT,185900,0,M,Data Scientist,US
2022,SE,FT,129300,0,M,Data Scientist,US
2022,SE,FT,225000,0,M,Data Scientist,US
2022,SE,FT,156400,0,M,Data Scientist,US
2022,SE,FT,185900,0,M,Data Scientist,US
2022,SE,FT,129300,0,M,Data Scientist,US
2022,EN,FT,108000,0,S,ML/AI Engineer,US
2022,SE,FT,8000,100,L,Data Scientist,Other
2022,SE,FT,155000,100,M,Data Scientist,US
2022,SE,FT,38000,100,M,Data Scientist,US
2022,MI,FT,85000,0,M,Data Analyst,US
2022,MI,FT,65000,0,M,Data Analyst,US
2022,SE,FT,155000,100,M,Data Scientist,US
2022,SE,FT,38000,100,M,Data Scientist,US
2022,MI,FT,110820,0,M,Data Engineer,GB
2022,MI,FT,92350,0,M,Data Engineer,GB
2022,SE,FT,153600,100,M,Data Scientist,US
2022,SE,FT,106800,100,M,Data Scientist,US
2022,SE,FT,185000,100,M,Data Scientist,US
2022,SE,FT,50000,100,M,Data Scientist,US
2022,SE,FT,185900,0,M,Data Engineer,US
2022,SE,FT,129300,0,M,Data Engineer,US
2022,SE,FT,155000,100,M,Data Scientist,US
2022,SE,FT,38000,100,M,Data Scientist,US
2022,SE,FT,168000,100,M,Data Scientist,US
2022,SE,FT,130000,100,M,Data Scientist,US
2022,SE,FT,123400,0,M,Data Scientist,US
2022,SE,FT,88100,0,M,Data Scientist,US
2022,SE,FT,120000,100,S,Data Scientist,US
2022,SE,FT,55000,100,S,Data Scientist,US
2022,SE,FT,185900,0,M,Data Scientist,US
2022,SE,FT,129300,0,M,Data Scientist,US
2022,SE,FT,191200,0,M,Data Engineer,US
2022,SE,FT,130000,0,M,Data Engineer,US
2022,SE,FT,169000,0,M,Data Analyst,US
2022,SE,FT,110600,0,M,Data Analyst,US
2022,SE,FT,150000,0,M,Data Engineer,US
2022,SE,FT,120000,0,M,Data Engineer,US
2022,SE,FT,139000,0,M,Other,US
2022,SE,FT,122000,0,M,Other,US
2022,SE,FT,185900,0,M,Data Scientist,US
2022,SE,FT,129300,0,M,Data Scientist,US
2022,SE,FT,139600,0,M,Data Analyst,US
2022,SE,FT,85700,0,M,Data Analyst,US
2022,SE,FT,185000,100,M,Data Engineer,US
2022,SE,FT,50000,100,M,Data Engineer,US
2022,SE,FT,185900,0,M,Data Engineer,US
2022,SE,FT,129300,0,M,Data Engineer,US
2022,SE,FT,225000,0,M,Data Scientist,US
2022,SE,FT,156400,0,M,Data Scientist,US
2022,SE,FT,200000,100,M,Data Scientist,US
2022,SE,FT,175000,100,M,Data Scientist,US
2022,SE,FT,185900,0,M,Data Engineer,US
2022,SE,FT,129300,0,M,Data Engineer,US
2022,MI,FT,148500,100,L,ML/AI Engineer,US
2022,MI,FT,98200,100,L,ML/AI Engineer,US
2022,SE,FT,115000,100,M,Data Analyst,US
2022,SE,FT,95000,100,M,Data Analyst,US
2022,SE,FT,225000,100,M,Data Engineer,US
2022,SE,FT,66000,100,M,Data Engineer,US
2022,SE,FT,185000,100,M,Data Scientist,US
2022,SE,FT,50000,100,M,Data Scientist,US
2022,SE,FT,47280,0,M,Data Scientist,ES
2022,SE,FT,37824,0,M,Data Scientist,ES
2022,MI,FT,134000,0,M,Management,US
2022,MI,FT,98000,0,M,Management,US
2022,MI,FT,105000,0,M,Data Analyst,US
2022,MI,FT,62000,0,M,Data Analyst,US
2022,EN,FT,57000,100,L,Data Analyst,US
2022,SE,FT,161311,50,M,Data Engineer,CA
2022,MI,FT,144200,100,M,Data Scientist,US
2022,MI,FT,115360,100,M,Data Scientist,US
2022,MI,FT,83171,0,L,Data Scientist,Other
2022,SE,FT,38154,100,L,Management,IN
2022,SE,FT,73546,0,M,Data Engineer,Other
2022,SE,FT,42026,0,M,Data Engineer,Other
2022,SE,FT,170000,100,M,Data Engineer,US
2022,SE,FT,150000,100,M,Data Engineer,US
2022,SE,FT,180000,100,M,Data Engineer,US
2022,SE,FT,160000,100,M,Data Engineer,US
2022,MI,FT,108000,50,L,Data Scientist,US
2022,SE,FT,200000,100,M,Management,US
2022,SE,FT,150000,100,M,Management,US
2022,EX,FT,125976,50,L,Management,CA
2022,SE,FT,188700,100,M,Data Engineer,US
2022,SE,FT,160395,100,M,Data Engineer,US
2022,SE,FT,115934,100,M,Data Analyst,US
2022,SE,FT,81666,100,M,Data Analyst,US
2022,SE,FT,300000,0,M,Data Engineer,US
2022,SE,FT,225000,0,M,Data Engineer,US
2022,SE,FT,198440,100,M,Data Scientist,US
2022,SE,FT,144000,100,M,Data Scientist,US
2022,SE,FT,191475,100,M,Data Scientist,US
2022,SE,FT,141525,100,M,Data Scientist,US
2022,SE,FT,50432,0,M,Data Analyst,ES
2022,SE,FT,36773,0,M,Data Analyst,ES
2022,MI,FT,75648,100,S,Data Scientist,DE
2022,SE,FT,156868,100,L,Management,US
2022,SE,FT,200000,100,S,Data Analyst,Other
2022,SE,FT,198440,0,L,Data Scientist,US
2022,SE,FT,144000,0,L,Data Scientist,US
2022,SE,FT,69344,100,L,Management,Other
2022,MI,FT,5132,100,M,ML/AI Engineer,Other
2022,SE,CT,90000,100,M,Data Analyst,US
2022,MI,FT,126080,0,S,Data Scientist,DE
2022,MI,FT,84053,0,S,Data Scientist,DE
2022,SE,FT,200000,100,M,Data Engineer,US
2022,SE,FT,180000,100,M,Data Engineer,US
2022,MI,FT,108000,100,M,Data Engineer,US
2022,MI,FT,85000,100,M,Data Engineer,US
2022,SE,FT,210000,100,M,ML/AI Engineer,US
2022,SE,FT,180000,100,M,ML/AI Engineer,US
2022,SE,FT,165000,100,M,Data Engineer,US
2022,SE,FT,132000,100,M,Data Engineer,US
2022,SE,FT,130000,100,M,Data Engineer,US
2022,SE,FT,110000,100,M,Data Engineer,US
2022,MI,FT,45050,50,L,Data Analyst,Other
2021,EN,FT,42028,50,L,Data Analyst,Other
2022,MI,FT,135000,100,L,Data Engineer,US
2022,SE,FT,178800,100,L,Data Engineer,US
2022,SE,FT,132100,100,L,Data Engineer,US
2022,EN,FT,20000,50,M,Data Analyst,US
2022,SE,FT,140000,0,M,ML/AI Engineer,CA
2022,SE,FT,110000,0,M,ML/AI Engineer,CA
2022,SE,FT,160000,100,M,Data Engineer,US
2022,SE,FT,85000,100,M,Data Engineer,US
2022,SE,FT,250000,100,M,Data Engineer,US
2022,SE,FT,63000,100,M,Data Engineer,US
2022,EX,FT,187200,100,M,Data Engineer,US
2022,EX,FT,116100,100,M,Data Engineer,US
2022,MI,FT,10000,0,M,Data Scientist,Other
2022,SE,FT,200000,100,M,Data Engineer,US
2022,SE,FT,145000,100,M,Data Engineer,US
2022,SE,FT,229998,0,L,Data Engineer,US
2022,SE,FT,154545,0,L,Data Engineer,US
2022,SE,FT,215000,0,L,Data Scientist,US
2022,SE,FT,159000,0,L,Data Scientist,US
2022,SE,FT,229998,0,L,Data Engineer,US
2022,SE,FT,154545,0,L,Data Engineer,US
2022,EN,FT,50000,100,M,ML/AI Engineer,US
2022,SE,FT,183000,100,L,Management,US
2022,SE,FT,99750,100,M,Data Analyst,US
2022,SE,FT,68400,100,M,Data Analyst,US
2022,SE,FT,236900,100,L,Data Scientist,US
2022,SE,FT,159200,100,L,Data Scientist,US
2022,SE,FT,243225,100,M,Management,US
2022,SE,FT,179775,100,M,Management,US
2022,SE,FT,175000,100,M,Data Engineer,US
2022,SE,FT,150000,100,M,Data Engineer,US
2022,SE,FT,210000,100,M,ML/AI Engineer,US
2022,SE,FT,180000,100,M,ML/AI Engineer,US
2022,SE,FT,148000,100,M,Data Scientist,US
2022,SE,FT,128000,100,M,Data Scientist,US
2022,SE,FT,190000,100,M,Data Engineer,US
2022,SE,FT,135000,100,M,Data Engineer,US
2022,SE,FT,130000,100,M,Data Engineer,US
2022,SE,FT,110000,100,M,Data Engineer,US
2022,SE,FT,191475,100,M,Data Scientist,US
2022,SE,FT,141525,100,M,Data Scientist,US
2022,SE,FT,160000,100,M,Data Engineer,US
2022,SE,FT,85000,100,M,Data Engineer,US
2022,SE,FT,218000,0,M,Data Scientist,US
2022,SE,FT,145300,0,M,Data Scientist,US
2022,SE,FT,195400,100,L,ML/AI Engineer,US
2022,SE,FT,131300,100,L,ML/AI Engineer,US
2022,EN,FT,105000,100,L,Other,US
2022,SE,FT,191475,100,M,Data Scientist,US
2022,SE,FT,141525,100,M,Data Scientist,US
2022,SE,FT,207000,100,M,Data Scientist,US
2022,SE,FT,153000,100,M,Data Scientist,US
2022,SE,FT,191475,100,M,Data Scientist,US
2022,SE,FT,141525,100,M,Data Scientist,US
2022,SE,FT,110000,0,M,Data Analyst,US
2022,SE,FT,99000,0,M,Data Analyst,US
2022,SE,FT,191475,100,M,Data Scientist,US
2022,SE,FT,141525,100,M,Data Scientist,US
2022,SE,FT,191475,100,M,Data Scientist,US
2022,SE,FT,141525,100,M,Data Scientist,US
2022,SE,FT,191475,100,M,Data Scientist,US
2022,SE,FT,141525,100,M,Data Scientist,US
2022,SE,FT,200000,100,M,ML/AI Engineer,Other
2022,SE,FT,135000,100,M,ML/AI Engineer,Other
2022,SE,FT,207000,100,M,Data Scientist,US
2022,SE,FT,153000,100,M,Data Scientist,US
2022,SE,FT,191475,100,M,Data Scientist,US
2022,SE,FT,141525,100,M,Data Scientist,US
2022,SE,FT,191475,100,M,Data Scientist,US
2022,SE,FT,141525,100,M,Data Scientist,US
2022,SE,FT,191475,100,M,Data Scientist,US
2022,SE,FT,141525,100,M,Data Scientist,US
2022,SE,FT,195700,0,M,Data Engineer,US
2022,SE,FT,130500,0,M,Data Engineer,US
2022,SE,FT,130000,100,M,ML/AI Engineer,US
2022,SE,FT,84000,100,M,ML/AI Engineer,US
2022,MI,FT,100000,100,M,Data Engineer,US
2022,MI,FT,60000,100,M,Data Engineer,US
2022,MI,FT,80036,100,M,Data Engineer,GB
2022,MI,FT,67723,100,M,Data Engineer,GB
2022,SE,FT,141300,0,M,Data Engineer,US
2022,SE,FT,102100,0,M,Data Engineer,US
2022,SE,FT,50432,0,M,Data Analyst,ES
2022,SE,FT,36773,0,M,Data Analyst,ES
2022,MI,FT,150000,100,L,Data Analyst,US
2022,MI,FT,102200,100,M,Data Scientist,GB
2022,EN,FT,22892,50,M,Data Scientist,IN
2022,SE,FT,144000,100,M,Data Analyst,US
2022,SE,FT,113000,100,M,Data Analyst,US
2022,EN,FT,31520,100,M,ML/AI Engineer,ES
2022,SE,FT,195400,100,L,Data Engineer,US
2022,SE,FT,131300,100,L,Data Engineer,US
2022,SE,FT,195400,100,L,ML/AI Engineer,US
2022,SE,FT,131300,100,L,ML/AI Engineer,US
2022,SE,FT,195400,100,L,Data Engineer,US
2022,SE,FT,131300,100,L,Data Engineer,US
2022,SE,FT,190000,100,M,Data Engineer,US
2022,SE,FT,135000,100,M,Data Engineer,US
2022,SE,FT,135000,100,M,Data Engineer,US
2022,SE,FT,80000,100,M,Data Engineer,US
2022,EN,FT,8050,100,M,Data Analyst,IN
2022,SE,FT,160000,100,M,Data Engineer,US
2022,SE,FT,85000,100,M,Data Engineer,US
2022,SE,FT,178800,100,L,Data Engineer,US
2022,SE,FT,132100,100,L,Data Engineer,US
2022,MI,CT,60000,100,S,ML/AI Engineer,US
2022,SE,FT,63040,50,S,ML/AI Engineer,Other
2022,EN,FT,50000,100,L,Data Analyst,Other
2022,SE,FT,140000,100,M,Data Engineer,US
2022,SE,FT,105000,100,M,Data Engineer,US
2022,MI,FT,80036,100,M,Data Engineer,GB
2022,MI,FT,67723,100,M,Data Engineer,GB
2022,SE,FT,190000,100,M,Data Engineer,US
2022,SE,FT,140000,100,M,Data Engineer,US
2022,MI,FT,100000,100,M,Data Engineer,US
2022,MI,FT,60000,100,M,Data Engineer,US
2022,SE,FT,180000,100,L,Data Scientist,US
2022,SE,FT,165000,100,L,Data Scientist,US
2022,SE,FT,108000,0,L,ML/AI Engineer,US
2021,EN,FT,20000,50,M,ML/AI Engineer,Other
2022,SE,FT,190000,100,M,Data Engineer,US
2022,SE,FT,135000,100,M,Data Engineer,US
2022,SE,FT,179400,0,M,Data Scientist,US
2022,SE,FT,154000,0,M,Data Scientist,US
2022,SE,FT,193900,0,M,ML/AI Engineer,US
2022,SE,FT,129300,0,M,ML/AI Engineer,US
2022,EX,FT,222640,0,M,Management,US
2022,EX,FT,182160,0,M,Management,US
2022,MI,FT,150000,0,M,Data Engineer,US
2022,MI,FT,100000,0,M,Data Engineer,US
2022,SE,FT,122500,100,M,Data Engineer,US
2022,SE,FT,100000,100,M,Data Engineer,US
2022,EX,FT,297500,100,M,Data Engineer,US
2022,EX,FT,260000,100,M,Data Engineer,US
2021,EN,FT,15000,100,L,ML/AI Engineer,Other
2022,SE,FT,193000,100,M,Data Engineer,US
2022,EN,FT,93000,0,M,Data Scientist,US
2022,EN,FT,73000,0,M,Data Scientist,US
2022,MI,FT,100000,100,M,Data Engineer,US
2022,MI,FT,60000,100,M,Data Engineer,US
2022,EN,FT,7799,100,L,Data Analyst,Other
2022,SE,FT,136994,100,M,Data Scientist,US
2022,SE,FT,101570,100,M,Data Scientist,US
2022,SE,FT,250000,100,M,Data Engineer,US
2022,SE,FT,63000,100,M,Data Engineer,US
2022,MI,FT,134000,0,M,Management,US
2022,MI,FT,98000,0,M,Management,US
2022,SE,FT,191475,100,M,Data Scientist,US
2022,SE,FT,141525,100,M,Data Scientist,US
2022,SE,FT,57786,50,L,Management,Other
2022,MI,FT,136000,100,M,Data Analyst,US
2022,MI,FT,112000,100,M,Data Analyst,US
2022,SE,FT,172000,100,M,Data Scientist,US
2022,SE,FT,140000,100,M,Data Scientist,US
2022,SE,FT,215000,0,M,Data Engineer,US
2022,SE,FT,164000,0,M,Data Engineer,US
2022,SE,FT,300000,0,M,Data Engineer,US
2022,SE,FT,130000,0,M,Data Engineer,US
2022,SE,FT,250000,100,M,Data Engineer,US
2022,SE,FT,63000,100,M,Data Engineer,US
2022,SE,FT,180000,100,M,Data Engineer,US
2022,SE,FT,150000,100,M,Data Engineer,US
2021,EN,FT,45390,50,L,Data Engineer,GB
2022,SE,FT,250000,100,M,Data Engineer,US
2022,SE,FT,63000,100,M,Data Engineer,US
2022,SE,FT,191475,100,M,Data Scientist,US
2022,SE,FT,141525,100,M,Data Scientist,US
2022,MI,FT,97500,100,L,Data Analyst,US
2022,SE,FT,212800,100,M,Data Scientist,US
2022,SE,FT,142800,100,M,Data Scientist,US
2022,MI,FT,73546,50,L,Data Scientist,Other
2022,EN,FT,50000,50,M,Data Scientist,DE
2022,EN,FT,6359,100,L,Data Analyst,IN
2022,SE,FT,151800,0,M,Data Scientist,US
2022,SE,FT,130240,0,M,Data Scientist,US
2022,SE,FT,165000,100,M,Data Engineer,US
2022,SE,FT,140250,100,M,Data Engineer,US
2022,SE,FT,135000,0,M,Data Engineer,US
2022,SE,FT,115000,0,M,Data Engineer,US
2022,SE,FT,179400,100,M,Data Scientist,US
2022,SE,FT,154000,100,M,Data Scientist,US
2022,SE,FT,191475,100,M,Data Scientist,US
2022,SE,FT,141525,100,M,Data Scientist,US
2022,SE,FT,191475,100,M,Data Scientist,US
2022,SE,FT,141525,100,M,Data Scientist,US
2022,SE,FT,191475,100,M,Data Scientist,US
2022,SE,FT,141525,100,M,Data Scientist,US
2022,MI,FT,75000,0,M,Data Analyst,US
2022,MI,FT,84053,100,M,Data Engineer,Other
2022,MI,FT,73546,100,M,Data Engineer,Other
2022,MI,FT,98506,100,M,Data Engineer,GB
2022,MI,FT,86193,100,M,Data Engineer,GB
2022,MI,FT,84053,100,M,Data Engineer,ES
2022,MI,FT,73546,100,M,Data Engineer,ES
2022,SE,FT,191475,100,M,Data Scientist,US
2022,SE,FT,141525,100,M,Data Scientist,US
2022,SE,FT,191475,100,M,Data Scientist,US
2022,SE,FT,141525,100,M,Data Scientist,US
2022,SE,FT,102663,100,M,Data Engineer,GB
2022,SE,FT,80041,100,M,Data Engineer,GB
2022,SE,FT,191475,100,M,Data Scientist,US
2022,SE,FT,141525,100,M,Data Scientist,US
2022,SE,FT,104611,100,M,Data Engineer,GB
2022,SE,FT,82280,100,M,Data Engineer,GB
2022,SE,FT,191475,100,M,Data Scientist,US
2022,SE,FT,141525,100,M,Data Scientist,US
2022,SE,FT,191475,0,M,Data Scientist,US
2022,SE,FT,141525,0,M,Data Scientist,US
2022,SE,FT,115000,0,L,Data Analyst,US
2022,EN,FT,31520,50,M,Data Scientist,ES
2022,SE,FT,81000,100,M,Data Analyst,US
2022,SE,FT,66000,100,M,Data Analyst,US
2022,EN,FT,46000,100,L,Data Analyst,US
2022,EN,FT,80000,100,L,Data Engineer,US
2022,EX,FT,200000,100,S,ML/AI Engineer,US
2022,EX,FT,180000,100,S,ML/AI Engineer,US
2022,EX,FT,200000,100,S,ML/AI Engineer,US
2022,SE,FT,204100,0,M,Data Scientist,US
2022,SE,FT,136100,0,M,Data Scientist,US
2022,SE,FT,250000,0,M,Data Engineer,US
2022,SE,FT,63000,0,M,Data Engineer,US
2022,MI,FT,118208,0,M,Data Scientist,GB
2022,MI,FT,110820,0,M,Data Scientist,GB
2021,EN,PT,19073,50,L,ML/AI Engineer,Other
2022,SE,FT,191475,100,M,Data Scientist,US
2022,SE,FT,141525,100,M,Data Scientist,US
2022,SE,FT,191475,100,M,Data Scientist,US
2022,SE,FT,141525,100,M,Data Scientist,US
2022,SE,FT,191475,100,M,Data Scientist,US
2022,SE,FT,141525,100,M,Data Scientist,US
2022,SE,FT,95000,100,M,Other,US
2022,SE,FT,70000,100,M,Other,US
2022,MI,FT,75000,100,M,ML/AI Engineer,US
2022,MI,CT,7500,50,M,Data Engineer,Other
2022,MI,FT,113000,0,L,Data Analyst,US
2022,SE,FT,170000,100,M,Data Scientist,US
2022,SE,FT,130000,100,M,Data Scientist,US
2022,MI,FT,113000,100,L,Data Analyst,US
2022,MI,FT,140000,100,M,Data Analyst,US
2021,SE,FT,50000,100,S,Data Analyst,Other
2022,MI,FT,53368,100,M,Data Analyst,Other
2022,SE,FT,175000,0,M,Data Scientist,US
2022,SE,FT,140000,0,M,Data Scientist,US
2022,SE,FT,29944,50,S,Management,Other
2022,SE,FT,250000,0,M,Data Engineer,US
2022,SE,FT,63000,0,M,Data Engineer,US
2022,SE,FT,160000,0,L,Data Scientist,US
2022,SE,FT,119300,0,L,Data Scientist,US
2022,MI,FT,145000,50,L,Data Scientist,US
2022,SE,FT,105000,0,M,Data Engineer,US
2022,SE,FT,90000,0,M,Data Engineer,US
2022,SE,FT,146200,100,M,Data Engineer,US
2022,SE,FT,124270,100,M,Data Engineer,US
2022,MI,FT,225000,0,M,Data Scientist,US
2022,MI,FT,160000,0,M,Data Scientist,US
2022,MI,FT,54634,100,S,Data Scientist,Other
2022,SE,FT,185800,100,M,Data Engineer,CA
2022,SE,FT,137400,100,M,Data Engineer,CA
2022,SE,FT,245000,0,M,Data Engineer,US
2022,SE,FT,180000,0,M,Data Engineer,US
2022,SE,FT,203500,0,M,Data Engineer,US
2022,SE,FT,152000,0,M,Data Engineer,US
2022,SE,FT,250000,0,M,Data Engineer,US
2022,SE,FT,63000,0,M,Data Engineer,US
2022,SE,FT,186000,100,M,ML/AI Engineer,US
2022,SE,FT,148800,100,M,ML/AI Engineer,US
2022,SE,FT,95386,50,L,Management,IN
2022,MI,FT,128058,50,L,ML/AI Engineer,GB
2022,EN,FT,82000,0,L,Data Scientist,US
2022,EN,PT,110000,100,M,Data Scientist,Other
2022,MI,FT,173000,50,M,ML/AI Engineer,US
2022,SE,FT,203500,0,M,Data Scientist,US
2022,SE,FT,152000,0,M,Data Scientist,US
2022,SE,FT,186000,100,M,ML/AI Engineer,US
2022,SE,FT,148800,100,M,ML/AI Engineer,US
2022,EN,FT,6270,100,L,Data Analyst,Other
2022,MI,FT,158000,100,M,Management,US
2022,MI,FT,134000,100,M,Management,US
2022,SE,FT,170000,100,M,Data Scientist,US
2022,SE,FT,120000,100,M,Data Scientist,US
2022,EX,FT,200000,100,M,Data Engineer,US
2022,EX,FT,150000,100,M,Data Engineer,US
2022,SE,FT,216200,0,M,Data Analyst,US
2022,SE,FT,144100,0,M,Data Analyst,US
2022,MI,FT,115573,0,M,Data Scientist,Other
2022,MI,FT,89306,0,M,Data Scientist,Other
2022,SE,FT,250000,0,M,Data Engineer,US
2022,SE,FT,63000,0,M,Data Engineer,US
2022,SE,FT,135000,100,M,Data Engineer,US
2022,SE,FT,85000,100,M,Data Engineer,US
2022,SE,FT,135000,100,M,ML/AI Engineer,US
2022,SE,FT,85000,100,M,ML/AI Engineer,US
2022,SE,FT,206000,100,M,Management,US
2022,SE,FT,175100,100,M,Management,US
2022,SE,FT,189650,0,M,ML/AI Engineer,US
2022,SE,FT,164996,0,M,ML/AI Engineer,US
2022,SE,FT,149040,100,M,Data Engineer,US
2022,SE,FT,113900,100,M,Data Engineer,US
2022,SE,FT,154000,100,M,Data Engineer,US
2022,SE,FT,126000,100,M,Data Engineer,US
2022,SE,FT,200000,100,L,ML/AI Engineer,US
2022,SE,FT,150000,100,L,ML/AI Engineer,US
2022,SE,FT,195700,0,M,Data Engineer,US
2022,SE,FT,130500,0,M,Data Engineer,US
2022,SE,FT,170000,100,M,Data Engineer,US
2022,SE,FT,135000,100,M,Data Engineer,US
2022,MI,FT,98506,0,M,Data Engineer,GB
2022,MI,FT,73880,0,M,Data Engineer,GB
2022,SE,FT,117000,100,M,Data Analyst,US
2022,SE,FT,99450,100,M,Data Analyst,US
2022,SE,FT,200000,100,M,Data Engineer,Other
2022,SE,FT,135000,100,M,Data Engineer,Other
2022,SE,FT,193900,0,M,ML/AI Engineer,US
2022,SE,FT,129300,0,M,ML/AI Engineer,US
2022,EN,FT,55410,100,S,ML/AI Engineer,GB
2022,SE,FT,86193,0,M,Data Analyst,GB
2022,SE,FT,61566,0,M,Data Analyst,GB
2022,SE,FT,175000,100,M,Data Analyst,US
2022,SE,FT,130000,100,M,Data Analyst,US
2022,SE,FT,188100,0,M,Data Engineer,US
2022,SE,FT,139860,0,M,Data Engineer,US
2022,SE,FT,248700,0,M,ML/AI Engineer,US
2022,SE,FT,167100,0,M,ML/AI Engineer,US
2022,MI,FT,5723,100,S,Data Analyst,IN
2022,SE,FT,123400,0,M,Data Scientist,US
2022,SE,FT,88100,0,M,Data Scientist,US
2022,MI,FT,50432,100,S,Data Analyst,DE
2022,SE,FT,245000,0,M,Data Scientist,US
2022,SE,FT,205000,0,M,Data Scientist,US
2022,SE,FT,141300,0,M,Data Engineer,US
2022,SE,FT,102100,0,M,Data Engineer,US
2022,SE,FT,141300,0,M,Data Engineer,US
2022,SE,FT,102100,0,M,Data Engineer,US
2022,EN,FT,50000,100,L,Data Analyst,Other
2022,EN,FT,84053,100,L,Data Scientist,Other
2022,MI,FT,61566,50,S,Management,GB
2022,SE,FT,250000,0,M,Data Engineer,US
2022,SE,FT,63000,0,M,Data Engineer,US
2022,SE,FT,189500,100,L,Management,US
2022,SE,FT,140100,100,L,Management,US
2022,SE,FT,177600,100,L,Data Engineer,US
2022,SE,FT,131300,100,L,Data Engineer,US
2022,MI,FT,24000,0,M,Data Engineer,US
2022,MI,FT,24000,0,M,Data Engineer,US
2022,SE,FT,250000,0,M,Data Engineer,US
2022,SE,FT,63000,0,M,Data Engineer,US
2022,SE,FT,202900,100,L,ML/AI Engineer,US
2022,SE,FT,131300,100,L,ML/AI Engineer,US
2022,SE,FT,145000,100,M,Data Engineer,US
2022,SE,FT,115000,100,M,Data Engineer,US
2022,EN,FT,115000,50,L,ML/AI Engineer,US
2022,MI,FT,193900,0,M,ML/AI Engineer,US
2022,MI,FT,129300,0,M,ML/AI Engineer,US
2022,SE,FT,180000,100,L,Data Scientist,US
2022,SE,FT,140000,100,L,Data Scientist,US
2022,MI,FT,216200,0,M,Data Analyst,US
2022,MI,FT,144100,0,M,Data Analyst,US
2022,SE,FT,216000,0,M,ML/AI Engineer,US
2022,SE,FT,144000,0,M,ML/AI Engineer,US
2022,EN,FT,150000,100,L,Data Analyst,US
2021,EN,FT,12171,100,M,ML/AI Engineer,IN
2022,MI,FT,53416,100,L,Data Scientist,Other
2022,EN,FT,50000,50,M,Data Scientist,Other
2021,SE,FT,250000,50,L,Data Engineer,US
2022,EX,FT,84053,0,L,Data Scientist,Other
2022,MI,FT,131752,100,M,Data Scientist,GB
2022,SE,FT,48000,100,S,Data Engineer,US
2022,EX,FT,260500,0,M,Management,US
2022,EX,FT,175100,0,M,Management,US
2022,SE,FT,210000,100,M,Data Engineer,US
2022,SE,FT,100000,100,M,Data Engineer,US
2022,EN,FT,55000,100,S,Data Analyst,US
2022,MI,FT,130000,100,M,Data Analyst,US
2022,SE,FT,77119,100,L,ML/AI Engineer,GB
2022,EN,FT,52008,50,S,Data Scientist,Other
2022,MI,FL,30523,100,S,ML/AI Engineer,IN
2022,SE,FT,206699,0,M,Data Engineer,US
2022,SE,FT,99100,0,M,Data Engineer,US
2022,MI,FT,200000,0,M,Data Engineer,US
2022,MI,FT,54000,0,M,Data Engineer,US
2022,SE,FT,250000,0,M,Data Engineer,US
2022,SE,FT,63000,0,M,Data Engineer,US
2022,SE,FT,250000,0,M,Data Engineer,US
2022,SE,FT,63000,0,M,Data Engineer,US
2022,SE,FT,250000,0,M,Data Engineer,US
2022,SE,FT,63000,0,M,Data Engineer,US
2022,EN,FT,130000,50,L,Data Engineer,US
2022,SE,FT,100000,0,L,Data Engineer,US
2022,SE,FT,80000,0,L,Data Engineer,US
2022,SE,FT,160000,0,L,Data Scientist,US
2022,SE,FT,100000,0,L,Data Scientist,US
2022,SE,FT,221300,100,L,Other,US
2022,SE,FT,148700,100,L,Other,US
2022,EN,FT,30000,100,L,ML/AI Engineer,GB
2022,EN,FT,28368,50,M,Data Analyst,Other
2022,MI,FT,91118,0,M,Data Engineer,GB
2022,MI,FT,61566,0,M,Data Engineer,GB
2022,MI,FT,60938,100,S,Data Scientist,DE
2022,SE,FT,249260,0,M,Management,US
2022,SE,FT,185400,0,M,Management,US
2022,SE,FT,170000,100,M,Data Engineer,US
2022,SE,FT,130000,100,M,Data Engineer,US
2022,MI,FT,80036,50,M,Data Scientist,GB
2022,SE,FT,128875,100,M,Data Analyst,US
2022,SE,FT,93700,100,M,Data Analyst,US
2022,SE,FT,180000,100,M,ML/AI Engineer,US
2022,SE,FT,100000,100,M,ML/AI Engineer,US
2022,SE,FT,136260,100,M,Data Analyst,US
2022,SE,FT,109280,100,M,Data Analyst,US
2022,SE,FT,160000,100,L,Data Scientist,US
2022,SE,FT,92000,100,L,Data Scientist,US
2022,SE,FT,200000,100,M,Data Engineer,US
2022,SE,FT,160000,100,M,Data Engineer,US
2022,MI,FT,135446,0,M,Data Engineer,GB
2022,MI,FT,104663,0,M,Data Engineer,GB
2022,SE,FT,117000,100,M,Data Analyst,US
2022,SE,FT,99450,100,M,Data Analyst,US
2022,EN,FT,129000,100,L,Data Engineer,US
2022,EN,FT,86000,100,L,Data Engineer,US
2020,EN,FT,13493,100,L,Data Engineer,IN
2020,EN,FT,13493,100,L,Data Engineer,IN
2022,SE,FT,160000,0,L,Data Scientist,US
2022,SE,FT,119300,0,L,Data Scientist,US
2022,SE,FT,100000,100,L,Data Analyst,US
2022,MI,FT,25000,50,M,Data Scientist,Other
2022,MI,FT,65257,50,M,Data Analyst,Other
2022,MI,FT,200000,100,M,ML/AI Engineer,US
2022,EN,FT,180000,100,L,ML/AI Engineer,US
2022,MI,FT,153000,100,L,Data Scientist,US
2022,SE,FT,210000,100,M,Data Engineer,US
2022,SE,FT,100000,100,M,Data Engineer,US
2022,SE,FT,150075,100,M,Data Analyst,US
2022,SE,FT,110925,100,M,Data Analyst,US
2022,MI,FT,22800,100,M,ML/AI Engineer,Other
2022,SE,FT,160000,100,L,Data Scientist,US
2022,SE,FT,92000,100,L,Data Scientist,US
2022,SE,FT,202900,100,L,ML/AI Engineer,US
2022,SE,FT,131300,100,L,ML/AI Engineer,US
2020,EN,FT,22809,100,M,Data Analyst,Other
2022,EN,FT,15000,0,L,Data Analyst,Other
2022,SE,FT,175000,100,M,Data Engineer,US
2022,SE,FT,135000,100,M,Data Engineer,US
2022,SE,FT,133766,100,L,Management,Other
2022,EN,FT,83000,0,L,ML/AI Engineer,US
2022,MI,FT,92350,100,M,Data Engineer,GB
2022,MI,FT,67723,100,M,Data Engineer,GB
2022,SE,FT,186000,0,M,Data Scientist,US
2022,SE,FT,148800,0,M,Data Scientist,US
2022,SE,FT,112900,0,M,Data Analyst,US
2022,SE,FT,90320,0,M,Data Analyst,US
2022,SE,FT,240000,0,M,ML/AI Engineer,US
2022,SE,FT,160000,0,M,ML/AI Engineer,US
2022,SE,FT,300000,100,M,Management,US
2022,SE,FT,200000,100,M,Management,US
2022,MI,FT,65666,50,S,Data Engineer,DE
2022,MI,FT,200000,100,L,ML/AI Engineer,US
2022,MI,FT,116976,0,M,ML/AI Engineer,GB
2022,MI,FT,92350,0,M,ML/AI Engineer,GB
2022,MI,FT,120000,0,M,ML/AI Engineer,US
2022,SE,FT,112900,100,M,Data Analyst,US
2022,SE,FT,90320,100,M,Data Analyst,US
2022,SE,FT,145000,100,M,Management,US
2022,SE,FT,105400,100,M,Management,US
2020,EN,FT,49268,0,S,Data Scientist,DE
2022,MI,FT,110820,0,M,Data Engineer,GB
2022,MI,FT,92350,0,M,Data Engineer,GB
2022,SE,FT,215300,100,L,Data Scientist,US
2022,SE,FT,158200,100,L,Data Scientist,US
2022,SE,FT,209100,100,L,Data Engineer,US
2022,SE,FT,154600,100,L,Data Engineer,US
2022,SE,FT,115934,0,M,Data Analyst,US
2022,SE,FT,81666,0,M,Data Analyst,US
2022,SE,FT,175000,100,M,Data Engineer,US
2022,SE,FT,155000,100,M,Data Engineer,US
2022,MI,FT,84053,100,M,ML/AI Engineer,DE
2022,SE,FT,164000,0,M,Data Analyst,US
2022,SE,FT,132000,0,M,Data Analyst,US
2022,SE,FT,170000,100,M,Data Scientist,US
2022,SE,FT,123000,100,M,Data Scientist,US
2022,SE,FT,189650,0,M,ML/AI Engineer,US
2022,SE,FT,164996,0,M,ML/AI Engineer,US
2022,MI,FT,52533,0,M,Data Engineer,Other
2022,MI,FT,52533,0,M,Data Engineer,Other
2022,EX,FT,115222,100,S,Management,CA
2022,SE,FT,165400,100,M,Data Engineer,US
2022,SE,FT,132320,100,M,Data Engineer,US
2022,SE,FT,208775,100,M,Data Engineer,US
2022,SE,FT,147800,100,M,Data Engineer,US
2022,SE,FT,136994,100,M,Data Engineer,US
2022,SE,FT,101570,100,M,Data Engineer,US
2022,SE,FT,128875,100,M,Data Analyst,US
2022,SE,FT,93700,100,M,Data Analyst,US
2022,EX,FT,76309,50,L,Management,IN
2022,EN,FT,35093,100,L,ML/AI Engineer,GB
2022,SE,FT,183600,100,L,Data Engineer,US
2022,SE,FT,100800,100,L,Data Engineer,US
2022,MI,FT,49253,100,M,Data Analyst,GB
2022,MI,FT,36940,100,M,Data Analyst,GB
2022,MI,FT,42026,100,M,Data Analyst,ES
2022,MI,FT,31520,100,M,Data Analyst,ES
2022,MI,FT,84053,100,M,Data Engineer,ES
2022,MI,FT,73546,100,M,Data Engineer,ES
2022,MI,FT,98506,100,M,Data Engineer,GB
2022,MI,FT,86193,100,M,Data Engineer,GB
2022,MI,FT,84053,100,M,Data Engineer,Other
2022,MI,FT,73546,100,M,Data Engineer,Other
2022,SE,FT,189650,0,M,ML/AI Engineer,US
2022,SE,FT,164996,0,M,ML/AI Engineer,US
2022,MI,FT,42026,100,M,Data Analyst,Other
2022,MI,FT,31520,100,M,Data Analyst,Other
2022,MI,FT,92350,100,M,Data Engineer,GB
2022,MI,FT,73880,100,M,Data Engineer,GB
2022,SE,FT,215300,0,L,Data Scientist,US
2022,SE,FT,140400,0,L,Data Scientist,US
2022,MI,FT,63040,100,M,Data Engineer,ES
2022,MI,FT,47280,100,M,Data Engineer,ES
2022,SE,FT,260000,100,M,Data Scientist,US
2022,SE,FT,180000,100,M,Data Scientist,US
2022,MI,FT,67723,0,M,Data Scientist,GB
2022,MI,FT,43096,0,M,Data Scientist,GB
2022,MI,FT,63040,100,M,Data Engineer,Other
2022,MI,FT,47280,100,M,Data Engineer,Other
2022,MI,FT,73880,100,M,Data Engineer,GB
2022,MI,FT,55410,100,M,Data Engineer,GB
2021,MI,FT,51064,50,L,ML/AI Engineer,Other
2022,SE,FT,60000,100,L,Data Engineer,Other
2022,MI,FT,82900,0,M,Data Engineer,US
2022,MI,FT,63900,0,M,Data Engineer,US
2022,MI,FT,160000,100,L,ML/AI Engineer,US
2022,MI,FT,112300,100,L,ML/AI Engineer,US
2022,MI,FT,241000,100,M,Management,US
2022,MI,FT,159000,100,M,Management,US
2022,SE,FT,180000,0,M,Data Scientist,US
2022,SE,FT,80000,0,M,Data Scientist,US
2022,MI,FT,58000,0,S,Data Analyst,US
2022,MI,FT,58000,0,S,Data Analyst,US
2022,SE,FT,136000,0,M,Data Engineer,US
2022,SE,FT,108800,0,M,Data Engineer,US
2022,EX,FT,242000,100,M,Data Engineer,US
2022,EX,FT,200000,100,M,Data Engineer,US
2022,MI,FT,61566,0,M,Data Scientist,GB
2022,MI,FT,36940,0,M,Data Scientist,GB
2022,MI,FT,73880,0,M,Data Engineer,GB
2022,MI,FT,49253,0,M,Data Engineer,GB
2022,SE,FT,165220,100,M,Data Scientist,US
2022,SE,FT,120160,100,M,Data Scientist,US
2022,SE,FT,124190,100,M,Data Analyst,US
2022,SE,FT,90320,100,M,Data Analyst,US
2022,SE,FT,181940,0,M,Data Engineer,US
2022,SE,FT,132320,0,M,Data Engineer,US
2022,SE,FT,220110,0,M,Data Engineer,US
2022,SE,FT,160080,0,M,Data Engineer,US
2022,SE,FT,180000,0,L,Data Scientist,US
2022,SE,FT,120000,0,L,Data Scientist,US
2022,MI,FT,126500,0,M,Data Analyst,US
2022,MI,FT,106260,0,M,Data Analyst,US
2022,SE,FT,116000,0,M,Data Analyst,US
2022,SE,FT,99000,0,M,Data Analyst,US
2022,SE,FT,155000,100,M,Data Analyst,US
2022,SE,FT,120600,100,M,Data Analyst,US
2022,MI,FT,130000,0,M,Data Scientist,US
2022,MI,FT,90000,0,M,Data Scientist,US
2022,MI,FT,170000,100,M,Data Engineer,US
2022,MI,FT,150000,100,M,Data Engineer,US
2022,SE,FT,102100,100,M,Data Analyst,US
2022,SE,FT,84900,100,M,Data Analyst,US
2022,SE,FT,136620,100,M,Data Scientist,US
2022,SE,FT,99360,100,M,Data Scientist,US
2022,SE,FT,110820,0,M,Data Scientist,GB
2022,SE,FT,98506,0,M,Data Scientist,GB
2022,SE,FT,146000,100,M,Data Scientist,US
2022,SE,FT,123000,100,M,Data Scientist,US
2022,EN,FT,49253,100,M,Data Engineer,GB
2022,EN,FT,43096,100,M,Data Engineer,GB
2022,EX,FT,130000,100,M,Data Analyst,US
2022,EX,FT,110000,100,M,Data Analyst,US
2022,SE,FT,170000,100,M,Data Analyst,US
2022,SE,FT,135000,100,M,Data Analyst,US
2022,SE,FT,161342,100,M,Management,US
2022,SE,FT,137141,100,M,Management,US
2022,SE,FT,167000,100,M,Data Scientist,US
2022,SE,FT,123000,100,M,Data Scientist,US
2022,SE,FT,73880,0,M,Data Engineer,GB
2022,SE,FT,61566,0,M,Data Engineer,GB
2022,SE,FT,211500,100,M,Data Scientist,US
2022,SE,FT,138600,100,M,Data Scientist,US
2022,SE,FT,192400,100,M,Data Engineer,CA
2022,SE,FT,90700,100,M,Data Engineer,CA
2022,SE,FT,130000,100,M,Data Analyst,CA
2022,SE,FT,61300,100,M,Data Analyst,CA
2022,SE,FT,130000,100,M,Data Analyst,CA
2022,SE,FT,61300,100,M,Data Analyst,CA
2022,SE,FT,160000,0,L,Data Engineer,US
2022,SE,FT,113000,0,L,Data Engineer,US
2022,SE,FT,150000,0,M,Data Scientist,US
2022,SE,FT,95550,0,M,Data Scientist,US
2022,MI,FT,167000,100,M,Data Analyst,US
2022,MI,FT,115500,100,M,Data Analyst,US
2022,SE,FT,112900,100,M,Data Analyst,US
2022,SE,FT,90320,100,M,Data Analyst,US
2022,SE,FT,112900,100,M,Data Analyst,US
2022,SE,FT,90320,100,M,Data Analyst,US
2022,SE,FT,165400,100,M,Data Engineer,US
2022,SE,FT,132320,100,M,Data Engineer,US
2022,SE,FT,243900,100,M,Data Engineer,US
2022,SE,FT,156600,100,M,Data Engineer,US
2022,SE,FT,136600,100,M,Data Analyst,US
2022,SE,FT,109280,100,M,Data Analyst,US
2022,SE,FT,128875,100,M,Data Engineer,US
2022,SE,FT,93700,100,M,Data Engineer,US
2022,EX,FT,224000,100,M,Management,US
2022,EX,FT,167875,100,M,Management,US
2022,EX,FT,175000,100,M,Data Engineer,US
2022,EX,FT,135000,100,M,Data Engineer,US
2022,SE,FT,209100,100,L,Data Engineer,US
2022,SE,FT,154600,100,L,Data Engineer,US
2022,SE,FT,180000,100,M,Data Engineer,US
2022,SE,FT,160000,100,M,Data Engineer,US
2022,SE,FT,205300,0,L,Data Scientist,US
2022,SE,FT,140400,0,L,Data Scientist,US
2022,SE,FT,176000,100,M,Data Scientist,US
2022,SE,FT,144000,100,M,Data Scientist,US
2022,SE,FT,200100,100,M,Data Engineer,US
2022,SE,FT,160000,100,M,Data Engineer,US
2022,SE,FT,70500,0,M,Data Engineer,US
2022,SE,FT,54000,0,M,Data Engineer,US
2022,SE,FT,205300,0,M,Data Scientist,US
2022,SE,FT,140400,0,M,Data Scientist,US
2022,SE,FT,205300,0,M,Data Engineer,US
2022,SE,FT,184700,0,M,Data Engineer,US
2022,SE,FT,175100,100,M,Data Engineer,US
2022,SE,FT,140250,100,M,Data Engineer,US
2022,SE,FT,116150,100,M,Data Analyst,US
2022,SE,FT,99050,100,M,Data Analyst,US
2022,SE,FT,145000,100,M,Data Engineer,US
2022,SE,FT,130000,100,M,Data Engineer,US
2022,SE,FT,112900,100,M,Data Analyst,US
2022,SE,FT,90320,100,M,Data Analyst,US
2022,MI,FT,85000,0,M,Data Analyst,CA
2022,MI,FT,75000,0,M,Data Analyst,CA
2022,SE,FT,214000,100,M,ML/AI Engineer,US
2022,SE,FT,192600,100,M,ML/AI Engineer,US
2022,SE,FT,266400,100,M,Data Engineer,US
2022,SE,FT,213120,100,M,Data Engineer,US
2022,SE,FT,155000,100,M,Data Engineer,US
2022,SE,FT,115000,100,M,Data Engineer,US
2022,MI,FT,141300,0,M,Data Scientist,US
2022,MI,FT,102100,0,M,Data Scientist,US
2022,SE,FT,115934,100,M,Data Analyst,US
2022,SE,FT,81666,100,M,Data Analyst,US
2022,MI,FT,206699,0,M,Data Engineer,US
2022,MI,FT,99100,0,M,Data Engineer,US
2022,SE,FT,130000,100,M,Data Engineer,US
2022,SE,FT,110500,100,M,Data Engineer,US
2022,MI,FT,61566,0,M,Data Analyst,GB
2022,MI,FT,43096,0,M,Data Analyst,GB
2022,SE,FT,80000,100,M,Data Analyst,US
2022,SE,FT,60000,100,M,Data Analyst,US
2022,SE,FT,192564,100,M,Data Engineer,US
2022,SE,FT,144854,100,M,Data Engineer,US
2022,SE,FT,230000,100,M,Data Scientist,US
2022,SE,FT,150000,100,M,Data Scientist,US
2022,SE,FT,150260,100,M,Management,US
2022,SE,FT,109280,100,M,Management,US
2022,SE,FT,170000,100,M,Data Analyst,US
2022,SE,FT,150000,100,M,Data Analyst,US
2022,MI,FT,160000,100,M,Data Scientist,US
2022,MI,FT,130000,100,M,Data Scientist,US
2022,EN,FT,67000,0,M,Data Analyst,CA
2022,EN,FT,52000,0,M,Data Analyst,CA
2022,SE,FT,154000,100,M,Data Engineer,US
2022,SE,FT,126000,100,M,Data Engineer,US
2022,SE,FT,129000,0,M,Data Analyst,US
2022,SE,FT,99000,0,M,Data Analyst,US
2022,SE,FT,210000,100,M,Data Scientist,US
2022,SE,FT,140000,100,M,Data Scientist,US
2022,SE,FT,210000,100,M,Data Scientist,US
2022,SE,FT,140000,100,M,Data Scientist,US
2022,SE,FT,210000,100,M,Data Scientist,US
2022,SE,FT,140000,100,M,Data Scientist,US
2022,SE,FT,100000,100,M,Data Analyst,US
2022,SE,FT,69000,100,M,Data Analyst,US
2022,SE,FT,210000,100,M,Data Scientist,US
2022,SE,FT,140000,100,M,Data Scientist,US
2022,SE,FT,150075,100,M,Data Analyst,US
2022,SE,FT,110925,100,M,Data Analyst,US
2022,SE,FT,100000,100,M,Data Engineer,US
2022,SE,FT,25000,100,M,Data Engineer,US
2022,SE,FT,126500,100,M,Data Analyst,US
2022,SE,FT,106260,100,M,Data Analyst,US
2022,SE,FT,220110,100,M,Data Engineer,US
2022,SE,FT,160080,100,M,Data Engineer,US
2022,SE,FT,105000,100,M,Data Analyst,US
2022,SE,FT,100000,100,M,Data Analyst,US
2022,SE,FT,170000,100,M,Data Analyst,US
2022,SE,FT,135000,100,M,Data Analyst,US
2022,SE,FT,230000,100,M,Data Scientist,US
2022,SE,FT,140000,100,M,Data Scientist,US
2022,MI,FT,135000,100,M,Data Analyst,US
2022,MI,FT,50000,100,M,Data Analyst,US
2022,SE,FT,220000,100,M,Data Scientist,US
2022,SE,FT,140000,100,M,Data Scientist,US
2022,MI,FT,172386,0,M,Data Scientist,GB
2022,MI,FT,86193,0,M,Data Scientist,GB
2022,SE,FT,220000,100,M,ML/AI Engineer,US
2022,SE,FT,120000,100,M,ML/AI Engineer,US
2022,MI,FT,200000,100,M,Data Scientist,US
2022,MI,FT,120000,100,M,Data Scientist,US
2022,SE,FT,120000,100,S,ML/AI Engineer,Other
2022,SE,FT,65000,100,S,ML/AI Engineer,Other
2022,EX,FT,324000,100,M,Data Engineer,US
2022,EX,FT,216000,100,M,Data Engineer,US
2022,SE,FT,210000,100,M,Data Engineer,US
2022,SE,FT,100000,100,M,Data Engineer,US
2022,SE,FT,185100,100,M,Data Scientist,US
2022,SE,FT,104890,100,M,Data Scientist,US
2022,SE,FT,105000,100,M,Data Engineer,US
2022,SE,FT,80000,100,M,Data Engineer,US
2022,MI,FT,76814,100,M,ML/AI Engineer,CA
2020,SE,FT,117104,50,L,Management,CA
2022,EX,FT,192037,50,L,Management,CA
2022,MI,FT,120000,100,S,ML/AI Engineer,US
2022,MI,FT,17805,100,M,Data Analyst,IN
2022,MI,FT,30523,100,L,Data Scientist,IN
2022,MI,FT,55685,50,L,ML/AI Engineer,Other
2022,MI,PT,52533,50,L,Data Engineer,DE
2022,EN,FT,17805,100,M,Data Scientist,IN
2022,MI,FT,75000,100,L,ML/AI Engineer,US
2022,MI,FT,157000,100,L,Data Scientist,US
2022,MI,FT,69133,50,L,Data Analyst,CA
2022,EN,FT,65000,100,S,Data Engineer,US
2022,SE,FT,68293,100,S,ML/AI Engineer,Other
2021,MI,FT,109000,50,L,Data Scientist,US
2022,MI,FT,67597,100,M,Data Scientist,CA
2022,EN,FT,10000,100,M,ML/AI Engineer,Other
2022,MI,FT,20000,100,S,Data Analyst,Other
2021,SE,FT,102839,100,L,Management,Other
2022,SE,FT,200000,100,M,Management,US
2022,EN,FT,51081,100,L,Data Scientist,CA
2022,MI,FT,78000,100,M,Data Scientist,US
2022,SE,FT,135000,100,M,Data Engineer,US
2022,SE,FT,115000,100,M,Data Engineer,US
2022,MI,FT,83864,100,L,ML/AI Engineer,Other
2022,EN,FT,40000,100,L,Data Scientist,Other
2022,MI,FT,31520,100,S,Management,Other
2022,SE,FT,59888,100,L,ML/AI Engineer,Other
2020,EN,FT,54742,100,L,Data Engineer,DE
2022,SE,FT,89306,50,L,Data Scientist,Other
2022,EN,FT,83171,50,M,Data Scientist,Other
2022,SE,FT,165000,100,M,Data Scientist,US
2022,MI,FT,153000,50,M,ML/AI Engineer,US
2022,SE,FT,100000,100,M,Data Scientist,US
2022,SE,FT,76814,100,M,ML/AI Engineer,CA
2022,MI,FT,33609,100,L,Data Scientist,Other
2022,MI,FT,75000,100,S,Management,CA
2020,MI,FT,20000,0,S,Data Analyst,Other
2022,EN,CT,30469,100,M,ML/AI Engineer,Other
2021,MI,FT,69999,50,L,Data Scientist,Other
2022,EN,FT,55475,100,M,Data Engineer,DE
2022,MI,FT,61989,0,L,Data Scientist,Other
2022,SE,FT,152500,100,M,Management,US
2022,EN,FT,120000,100,L,Data Scientist,US
2022,MI,FT,135000,100,L,Data Scientist,US
2022,SE,FT,405000,100,L,Management,US
2021,SE,FT,150000,0,L,Data Engineer,US
2021,SE,FT,240000,0,L,Management,US
2021,MI,FT,135000,100,L,Data Analyst,US
2021,EN,FT,80000,100,M,Data Scientist,US
2022,SE,FT,380000,100,L,Data Scientist,US
2022,MI,FT,120402,0,L,Data Scientist,Other
2022,SE,FT,177000,100,L,Data Scientist,US
2022,MI,FT,65141,100,M,Data Engineer,Other
2022,MI,FT,48000,100,S,Data Scientist,US
2022,EN,FT,20000,0,M,Data Engineer,Other
2021,SE,FT,220000,0,L,Management,US
2021,MI,FT,77364,50,S,ML/AI Engineer,Other
2021,MI,FT,63711,50,S,ML/AI Engineer,Other
2022,EN,FT,150000,100,S,ML/AI Engineer,Other
2021,MI,FT,90000,100,M,Data Analyst,US
2022,MI,FL,100000,100,M,Data Scientist,US
2021,EN,FT,100000,0,S,Data Scientist,US
2022,EN,PT,100000,50,M,Data Scientist,Other
2022,SE,FT,144000,50,L,Data Scientist,US
2022,SE,FT,155499,100,M,Management,DE
2021,SE,FT,24000,100,M,ML/AI Engineer,Other
2021,MI,FT,38400,100,M,ML/AI Engineer,US
2022,EN,FT,100000,50,L,Data Analyst,US
2021,MI,FT,82500,100,S,Data Scientist,US
2021,EN,FT,49646,50,M,Data Scientist,Other
2021,SE,FT,40570,50,L,Management,IN
2022,EN,FT,120000,100,M,Data Engineer,US
2022,SE,FT,84053,0,M,Management,DE
2021,EN,FT,20000,100,S,ML/AI Engineer,IN
2022,EN,FT,125000,0,M,ML/AI Engineer,US
2021,MI,FT,9466,0,S,Data Scientist,IN
2021,SE,FT,120000,50,S,ML/AI Engineer,US
2021,EN,PT,10354,50,M,Data Analyst,ES
2021,EN,FT,110037,0,L,Data Scientist,GB
2022,EN,FT,21013,100,L,ML/AI Engineer,Other
2021,EN,FT,50000,100,M,Data Analyst,US
2021,SE,FT,200000,100,M,Management,US
2021,MI,FT,60000,50,M,Data Engineer,Other
2021,MI,FT,200000,100,L,Data Engineer,US
2021,EN,FT,100000,50,S,ML/AI Engineer,Other
2021,MI,FT,100000,100,L,Data Engineer,US
2021,SE,FT,82744,50,M,ML/AI Engineer,Other
2020,MI,FT,59303,100,S,Data Engineer,DE
2021,MI,FT,62649,50,M,Data Scientist,Other
2021,MI,FT,82528,100,L,Data Engineer,GB
2021,MI,FT,170000,100,L,Data Engineer,US
2021,MI,FT,150000,100,L,Data Engineer,US
2021,EN,FT,55000,50,S,Data Analyst,US
2021,EX,FT,250000,0,L,Management,US
2021,EN,FT,80000,100,L,Data Engineer,US
2020,EN,FT,70000,100,L,Data Engineer,US
2021,EX,FT,130026,50,M,Management,DE
2021,EN,FT,63831,50,L,Other,DE
2020,SE,FT,68428,100,L,Data Scientist,US
2021,EX,FT,85000,0,M,Management,Other
2021,EX,FT,230000,50,L,Management,Other
2021,EN,FT,125000,100,S,ML/AI Engineer,US
2021,SE,FT,120000,100,M,Management,US
2020,MI,FT,450000,0,M,Data Scientist,US
2020,MI,FT,46759,50,L,Data Analyst,Other
2020,MI,FT,74130,50,L,Data Engineer,Other
2021,SE,FT,127221,50,L,Data Engineer,CA
2021,SE,FT,144000,100,L,Management,US
2021,EN,FT,13400,100,L,Data Scientist,Other
2021,MI,FT,75774,100,L,Data Scientist,CA
2021,MI,FT,150000,100,M,Data Scientist,US
2020,MI,FT,103000,100,L,Other,US
2021,SE,FT,153000,100,L,Data Engineer,US
2021,MI,FT,90000,100,L,Data Engineer,US
2021,EN,FT,90000,100,S,Data Analyst,US
2021,EN,FT,60000,100,S,Data Analyst,US
2021,MI,FT,50000,100,L,Data Scientist,Other
2021,EN,PT,12000,100,M,ML/AI Engineer,US
2021,MI,PT,5409,50,M,ML/AI Engineer,IN
2021,MI,CT,270000,100,L,ML/AI Engineer,US
2021,MI,FT,54238,50,L,Data Scientist,CA
2021,MI,FT,47282,100,S,ML/AI Engineer,ES
2021,EX,FT,153667,100,L,Management,Other
2021,MI,FT,28476,100,L,Data Engineer,Other
2021,MI,FT,110000,100,L,Data Engineer,US
2021,EN,FT,82528,50,L,Data Scientist,GB
2020,EN,FT,250000,50,L,ML/AI Engineer,US
2021,EN,FT,59102,50,M,Data Analyst,Other
2021,SE,FT,80000,100,S,Data Analyst,US
2020,EN,FT,10000,100,S,Data Analyst,Other
2020,EN,FT,138000,100,S,ML/AI Engineer,US
2021,MI,FT,140000,100,L,Data Engineer,US
2021,SE,FT,79197,100,L,Data Engineer,DE
2021,SE,FT,170000,100,L,Management,US
2021,EN,FT,80000,100,M,Data Analyst,US
2020,MI,FT,45760,100,S,Data Scientist,US
2021,MI,FT,100000,100,M,Data Analyst,US
2021,SE,FT,53192,50,L,Data Scientist,Other
2021,EX,FT,235000,100,L,Management,US
2021,EX,FT,150000,100,L,Data Analyst,US
2020,EX,FT,79833,50,L,Data Engineer,ES
2021,EN,FT,225000,100,L,ML/AI Engineer,US
2021,EN,FT,76833,100,S,Other,DE
2020,MI,FT,50180,0,M,ML/AI Engineer,Other
2021,SE,FT,88654,100,L,Data Analyst,Other
2021,SE,FT,103160,100,S,Management,GB
2021,SE,FT,113476,100,M,Data Engineer,GB
2021,SE,FT,94564,50,L,ML/AI Engineer,DE
2021,EN,FT,30428,100,L,Data Engineer,IN
2021,SE,FT,150000,100,M,Data Engineer,US
2021,SE,FT,115000,100,S,Data Engineer,US
2021,MI,FT,187442,100,L,Data Scientist,CA
2021,MI,FT,51519,50,L,Data Analyst,GB
2020,MI,FT,106000,100,L,Data Engineer,US
2020,MI,FT,112872,50,L,Data Engineer,GB
2021,MI,FT,36259,50,L,Data Analyst,US
2021,SE,FT,150000,100,L,Data Engineer,US
2020,EN,PT,15966,100,S,ML/AI Engineer,DE
2021,MI,FT,95746,100,S,ML/AI Engineer,US
2021,EN,FT,70000,100,M,ML/AI Engineer,US
2020,MI,FT,76958,100,S,Data Scientist,GB
2021,MI,FT,89294,50,L,Data Engineer,Other
2021,EN,FT,29751,50,L,Data Scientist,IN
2021,SE,FT,276000,0,L,Management,US
2020,SE,FT,188000,100,L,Data Engineer,US
2021,SE,FT,160000,100,S,Data Engineer,US
2020,MI,FT,105000,100,L,Data Scientist,US
2021,MI,FT,200000,100,L,Data Engineer,US
2021,SE,FT,174000,100,L,Data Engineer,US
2021,MI,FT,93000,100,L,Data Analyst,US
2021,EN,FT,28399,100,M,Data Scientist,IN
2021,SE,FT,60757,50,L,Data Scientist,Other
2021,EN,FT,90000,100,S,Data Scientist,US
2020,MI,FT,70139,50,L,Data Engineer,Other
2020,EN,FT,6072,0,S,Data Analyst,IN
2020,SE,FT,33511,0,S,Data Engineer,Other
2021,SE,FT,170000,100,M,Management,US
2021,SE,FT,96282,50,L,Data Engineer,GB
2021,MI,FT,12103,0,M,Data Engineer,Other
2021,EN,FT,36643,50,L,Data Scientist,Other
2021,MI,FT,72212,50,L,Data Engineer,GB
2020,EN,FT,91000,100,L,Data Analyst,US
2021,SE,FT,99703,50,M,Data Engineer,CA
2021,SE,FT,165000,100,L,Data Scientist,US
2021,MI,FT,80000,100,L,Data Analyst,US
2021,SE,FT,103691,100,L,Data Scientist,CA
2021,EN,FT,21637,50,M,Data Engineer,IN
2020,EN,FT,42000,50,L,Data Scientist,Other
2020,MI,FT,115000,0,L,Management,Other
2021,MI,FT,63810,100,M,Data Scientist,CA
2020,SE,FT,260000,0,S,ML/AI Engineer,Other
2021,MI,FT,110000,0,S,Management,US
2021,MI,FT,180000,100,L,Data Engineer,US
2021,SE,FT,200000,100,L,Data Analyst,US
2020,SE,FT,109024,50,M,Data Engineer,GB
2021,SE,FT,200000,100,L,Data Engineer,US
2021,SE,FT,256000,100,S,ML/AI Engineer,US
2021,MI,FT,110000,100,L,Data Engineer,US
2020,MI,FT,79833,0,L,Data Scientist,DE
2021,EN,FT,72500,100,L,Data Engineer,US
2021,SE,FT,185000,50,L,ML/AI Engineer,US
2021,MI,PT,69741,100,L,Data Engineer,Other
2021,EN,FT,100000,0,L,Data Scientist,Other
2021,MI,FT,112000,100,L,Data Engineer,US
2020,SE,FT,150000,50,L,ML/AI Engineer,US
2021,SE,FT,20171,50,L,Data Scientist,Other
2021,SE,FT,55000,100,L,ML/AI Engineer,ES
2021,EN,FT,58000,50,L,Data Scientist,US
2021,EN,FT,100000,100,M,Data Scientist,US
2021,SE,FT,77684,50,M,Data Scientist,Other
2021,EN,FT,85000,100,S,ML/AI Engineer,DE
2021,EN,FT,76833,0,L,Other,DE
2021,SE,CT,105000,100,M,Data Scientist,US
2020,EN,FT,72000,100,L,Data Analyst,US
2021,EN,FT,65013,50,M,Data Engineer,DE
2021,MI,FT,28016,100,M,Data Engineer,Other
2021,MI,FT,111775,0,M,Data Engineer,US
2021,MI,FT,93150,0,M,Data Engineer,US
2021,SE,FT,160000,50,S,Management,US
2021,MI,FT,25532,100,S,Data Scientist,DE
2021,SE,FT,66265,0,L,ML/AI Engineer,IN
2021,MI,FT,16904,100,S,Data Scientist,IN
2021,SE,FT,63831,50,L,Data Analyst,DE
2020,SE,FT,190000,100,S,Management,US
2021,EX,FT,141846,0,L,Management,DE
2021,EN,FT,16228,100,L,Data Engineer,IN
2021,SE,FT,71786,100,M,Data Analyst,CA
2020,MI,FT,35735,50,L,Data Scientist,Other
2021,SE,FT,135000,0,L,Data Scientist,US
2021,EN,FT,24823,50,M,ML/AI Engineer,DE
2021,SE,FT,54094,50,L,Management,US
2021,SE,FT,24342,100,L,ML/AI Engineer,IN
2021,EN,FT,9272,100,S,Data Analyst,Other
2021,MI,FT,147000,50,L,Data Scientist,US
2021,SE,FT,96113,50,L,Data Scientist,CA
2021,SE,FT,174000,100,L,Management,US
2020,MI,FT,135000,100,L,Data Analyst,US
2021,EN,FT,21844,50,M,ML/AI Engineer,Other
2020,SE,FT,125000,50,S,Management,Other
2020,EN,FT,51321,0,S,Data Scientist,Other
2020,MI,FT,40481,0,L,Data Scientist,IN
2021,EX,FT,69741,100,S,Other,ES
2021,SE,FT,50000,100,M,Data Engineer,GB
2020,EN,FT,39916,0,M,Data Scientist,Other
2020,MI,FT,87000,100,L,Management,US
2021,MI,FT,26005,0,L,Data Engineer,US
2021,MI,FT,90734,50,L,Data Scientist,DE
2021,MI,FT,22611,0,L,Data Engineer,IN
2021,MI,FT,5679,100,S,Data Scientist,US
2021,EN,FT,81000,50,S,ML/AI Engineer,US
2021,MI,FT,40038,100,L,Data Scientist,Other
2021,EN,FT,90000,100,S,Other,US
2021,MI,FT,61467,50,M,Data Scientist,Other
2021,SE,FT,195000,100,M,ML/AI Engineer,US
2021,MI,FT,37825,100,L,Data Scientist,ES
2020,MI,FT,85000,100,L,Data Analyst,US
2021,EX,CT,416000,100,S,Management,US
2021,SE,FT,225000,100,L,ML/AI Engineer,CA
2021,MI,FT,56256,50,L,Data Scientist,GB
2021,MI,FT,33808,0,M,Data Scientist,IN
2021,MI,FT,116914,50,L,Data Scientist,GB
2021,MI,FT,46597,100,L,ML/AI Engineer,Other
2020,MI,FT,8000,50,L,Data Analyst,Other
2020,EN,FT,41689,100,S,Data Engineer,Other
2020,SE,FT,114047,100,S,Data Engineer,GB
2021,MI,FT,88654,100,M,ML/AI Engineer,Other
2020,EN,FT,5707,50,M,Other,IN
2020,MI,FT,56000,100,M,Management,US
2021,EN,PT,28609,50,S,ML/AI Engineer,Other
2021,MI,FT,88654,50,L,Data Scientist,DE
2020,MI,FT,6072,100,L,Data Analyst,IN
2020,SE,FT,47899,50,L,Data Engineer,Other
2020,MI,FT,98000,0,M,Data Analyst,US
2021,MI,FT,66022,50,S,Data Engineer,GB
2021,MI,FT,56738,50,S,Data Scientist,Other
2021,MI,FT,24823,50,L,ML/AI Engineer,Other
2021,SE,FT,120000,0,L,Management,US
2021,MI,FL,20000,0,L,Data Engineer,US
2020,EX,FT,325000,100,L,Management,US
2021,SE,FT,200000,100,L,ML/AI Engineer,US
2020,EN,FT,45896,50,S,ML/AI Engineer,Other
2021,MI,FT,160000,100,L,Data Scientist,US
2021,SE,FT,50000,100,S,Data Scientist,US
2021,MI,FT,40189,100,M,Data Engineer,Other
2021,MI,FT,12901,0,S,Data Scientist,Other
2021,SE,FT,165000,0,M,Data Engineer,US
2021,EN,FT,5882,0,L,Data Engineer,Other
2020,MI,FT,42197,50,S,Data Scientist,Other
2021,SE,FT,185000,100,L,Management,US
2020,EN,FT,62726,50,S,Data Scientist,DE
2021,MI,FT,90734,50,L,Data Scientist,DE
2020,EN,PT,21669,50,S,Data Scientist,Other
2020,MI,FT,110000,100,L,Data Engineer,US
2021,SE,FT,140000,100,L,Management,US
2020,SE,FT,120000,50,L,Data Scientist,US
2021,SE,FT,87738,100,S,Data Scientist,CA
2021,SE,FT,61896,50,L,Data Analyst,GB
2021,MI,FL,12000,50,M,ML/AI Engineer,Other
2021,SE,FT,76833,50,S,Data Engineer,GB
2021,MI,FT,74000,50,S,ML/AI Engineer,Other
2021,SE,FT,152000,100,L,Management,Other
2021,MI,FT,18000,0,S,Data Engineer,Other
2020,SE,FL,60000,100,S,ML/AI Engineer,US
2021,MI,FT,130000,50,L,Data Scientist,US
2021,SE,FT,18907,0,M,ML/AI Engineer,Other
2021,EN,FT,59102,100,L,Data Analyst,Other
2021,SE,FT,173762,100,M,Management,DE
2020,SE,FT,148261,100,M,Management,DE
2020,MI,FT,38776,100,M,Data Scientist,ES
2021,MI,FT,46809,100,M,Data Scientist,ES
2021,EN,FT,18053,100,S,ML/AI Engineer,Other
2020,SE,FT,91237,0,S,Data Scientist,Other
2020,MI,FT,62726,50,S,Data Scientist,Other
2021,MI,FT,115000,50,L,Data Scientist,US
2021,SE,FT,235000,100,L,Management,US
2021,MI,FT,19609,100,L,Management,IN
2021,EN,PT,12000,100,S,ML/AI Engineer,US
2021,MI,FT,75000,0,L,Data Analyst,US
2021,MI,FT,62000,0,L,Data Analyst,US
2021,MI,FT,73000,0,L,Data Scientist,US
2021,MI,FT,45391,100,L,Data Engineer,Other
2020,SE,FT,190200,100,M,Management,US
2020,MI,FT,118000,100,M,Data Scientist,US
2020,MI,FT,138350,100,M,Data Scientist,US
2020,MI,FT,130800,100,M,Data Engineer,US
2020,SE,FT,45618,100,S,ML/AI Engineer,Other
2021,SE,FT,168000,0,S,Management,Other
2021,MI,FT,119059,100,M,Data Scientist,Other
2021,MI,FT,423000,50,L,ML/AI Engineer,US
2021,MI,FT,28369,50,L,Data Engineer,Other
2021,SE,FT,165000,100,L,Other,US
2020,SE,FT,412000,100,L,Data Scientist,US
2021,MI,FT,151000,100,L,Management,US
2020,EN,FT,105000,100,S,Data Scientist,US
2020,EN,CT,100000,100,L,Data Analyst,US
2021,SE,FT,94665,50,L,Management,IN
